"시도교육청","교육지원청","지역","정보공시 학교코드","학교명","학교급코드","설립구분","제외여부","제외사유","1학년 학급수","1학년 학생수","1학년 학급당 학생수","2학년 학급수","2학년 학생수","2학년 학급당 학생수","3학년 학급수","3학년 학생수","3학년 학급당 학생수","특수학급 학급수","특수학급 학생수","특수학급 학급당 학생수","순회학급 학급수","순회학급 학생수","순회학급 학급당 학생수","학급수(계)","학생수(계)","학급당 학생수(계)","교사수","수업교원 1인당 학생수"
"경기도교육청","경기도가평교육지원청","경기도 가평군","S090000445","가평고등학교","04","공립","N","","8","200","25","8","205","25.6","8","183","22.9","2","10","5","0","0","0","26","598","23","51","11.7"
"경기도교육청","경기도수원교육지원청","경기도 수원시 장안구","S090000447","경기과학고등학교","04","공립","N","","8","123","15.4","8","127","15.9","8","128","16","0","0","0","0","0","0","24","378","15.8","73","5.2"
"경기도교육청","경기도수원교육지원청","경기도 수원시 권선구","S090000448","경기대명고등학교","04","공립","N","","2","22","11","2","30","15","2","24","12","0","0","0","0","0","0","6","76","12.7","23","3.3"
"경기도교육청","경기도수원교육지원청","경기도 수원시 장안구","S090000449","경기체육고등학교","04","공립","N","","3","88","29.3","3","80","26.7","3","78","26","0","0","0","0","0","0","9","246","27.3","30","8.2"
"경기도교육청","경기도이천교육지원청","경기도 이천시","S090000450","이천세무고등학교","04","공립","N","","2","44","22","2","41","20.5","2","47","23.5","0","0","0","0","0","0","6","132","22","14","9.4"
"경기도교육청","경기도의정부교육지원청","경기도 의정부시","S090000451","경민고등학교","04","사립","N","","10","254","25.4","10","266","26.6","10","234","23.4","0","0","0","0","0","0","30","754","25.1","59","12.8"
"경기도교육청","경기도의정부교육지원청","경기도 의정부시","S090000453","경민비즈니스고등학교","04","사립","N","","9","178","19.8","9","164","18.2","8","119","14.9","0","0","0","0","0","0","26","461","17.7","54","8.5"
"경기도교육청","경기도의정부교육지원청","경기도 의정부시","S090000455","경민IT고등학교","04","사립","N","","8","179","22.4","8","184","23","8","165","20.6","0","0","0","0","0","0","24","528","22","52","10.2"
"경기도교육청","경기도안산교육지원청","경기도 안산시 단원구","S090000457","경안고등학교","04","사립","N","","12","304","25.3","13","329","25.3","13","300","23.1","0","0","0","0","0","0","38","933","24.6","74","12.6"
"경기도교육청","경기도안산교육지원청","경기도 안산시 단원구","S090000458","경일관광경영고등학교","04","사립","N","","12","255","21.3","12","251","20.9","12","201","16.8","0","0","0","0","0","0","36","707","19.6","80","8.8"
"경기도교육청","경기도광주하남교육지원청","경기도 광주시","S090000460","경화여자고등학교","04","사립","N","","11","332","30.2","12","358","29.8","11","269","24.5","0","0","0","0","0","0","34","959","28.2","66","14.5"
"경기도교육청","경기도부천교육지원청","경기도 부천시 원미구","S090000463","계남고등학교","04","공립","N","","9","223","24.8","9","247","27.4","9","215","23.9","2","11","5.5","0","0","0","29","696","24","56","12.4"
"경기도교육청","경기도성남교육지원청","경기도 성남시 분당구","S090000466","계원예술고등학교","04","사립","N","","8","327","40.9","8","320","40","8","320","40","0","0","0","0","0","0","24","967","40.3","44","22"
"경기도교육청","경기도고양교육지원청","경기도 고양시 일산서구","S090000468","백송고등학교","04","사립","N","","5","130","26","5","132","26.4","5","121","24.2","0","0","0","0","0","0","15","383","25.5","28","13.7"
"경기도교육청","경기도고양교육지원청","경기도 고양시 덕양구","S090000469","고양외국어고등학교","04","사립","N","","10","234","23.4","10","228","22.8","10","209","20.9","0","0","0","0","0","0","30","671","22.4","61","11"
"경기도교육청","경기도고양교육지원청","경기도 고양시 덕양구","S090000470","고양고등학교","04","공립","N","","8","166","20.8","8","164","20.5","8","159","19.9","1","9","9","0","0","0","25","498","19.9","61","8.2"
"경기도교육청","경기도안산교육지원청","경기도 안산시 단원구","S090000471","고잔고등학교","04","공립","N","","11","276","25.1","12","312","26","11","262","23.8","2","13","6.5","0","0","0","36","863","24","68","12.7"
"경기도교육청","경기도안양과천교육지원청","경기도 과천시","S090000472","과천고등학교","04","공립","N","","8","175","21.9","8","191","23.9","8","195","24.4","2","11","5.5","0","0","0","26","572","22","53","10.8"
"경기도교육청","경기도안양과천교육지원청","경기도 과천시","S090000473","과천여자고등학교","04","사립","N","","6","123","20.5","6","100","16.7","6","87","14.5","0","0","0","0","0","0","18","310","17.2","38","8.2"
"경기도교육청","경기도안양과천교육지원청","경기도 과천시","S090000474","과천외국어고등학교","04","사립","N","","10","235","23.5","10","218","21.8","10","189","18.9","0","0","0","0","0","0","30","642","21.4","55","11.7"
"경기도교육청","경기도안양과천교육지원청","경기도 과천시","S090000475","과천중앙고등학교","04","공립","N","","8","182","22.8","8","175","21.9","8","179","22.4","1","5","5","0","0","0","25","541","21.6","48","11.3"
"경기도교육청","경기도안양과천교육지원청","경기도 안양시 동안구","S090000476","경기게임마이스터고등학교","04","공립","N","","4","73","18.3","4","74","18.5","4","69","17.3","1","4","4","0","0","0","13","220","16.9","29","7.6"
"경기도교육청","경기도안양과천교육지원청","경기도 안양시 동안구","S090000477","관양고등학교","04","공립","N","","12","318","26.5","12","310","25.8","12","312","26","2","9","4.5","0","0","0","38","949","25","73","13"
"경기도교육청","경기도포천교육지원청","경기도 포천시","S090000478","관인고등학교","04","공립","N","","1","11","11","2","25","12.5","2","27","13.5","1","2","2","0","0","0","6","65","10.8","15","4.3"
"경기도교육청","경기도구리남양주교육지원청","경기도 남양주시","S090000479","광동고등학교","04","사립","N","","12","378","31.5","12","375","31.3","12","352","29.3","0","0","0","0","0","0","36","1105","30.7","68","16.3"
"경기도교육청","경기도의정부교육지원청","경기도 의정부시","S090000480","의정부광동고등학교","04","사립","N","","9","227","25.2","9","246","27.3","9","218","24.2","0","0","0","0","0","0","27","691","25.6","55","12.6"
"경기도교육청","경기도광명교육지원청","경기도 광명시","S090000482","광명고등학교","04","공립","N","","11","293","26.6","11","296","26.9","11","297","27","2","9","4.5","0","0","0","35","895","25.6","67","13.4"
"경기도교육청","경기도광명교육지원청","경기도 광명시","S090000483","경기항공고등학교","04","사립","N","","4","60","15","4","74","18.5","4","65","16.3","0","0","0","0","0","0","12","199","16.6","26","7.7"
"경기도교육청","경기도광명교육지원청","경기도 광명시","S090000484","광명북고등학교","04","공립","N","","11","288","26.2","11","299","27.2","11","278","25.3","4","17","4.3","2","6","3","39","888","22.8","73","12.2"
"경기도교육청","경기도광명교육지원청","경기도 광명시","S090000487","명문고등학교","04","공립","N","","11","289","26.3","11","300","27.3","11","281","25.5","2","10","5","0","0","0","35","880","25.1","68","12.9"
"경기도교육청","경기도광명교육지원청","경기도 광명시","S090000488","창의경영고등학교","04","공립","N","","7","72","10.3","8","85","10.6","8","80","10","1","6","6","0","0","0","24","243","10.1","57","4.3"
"경기도교육청","경기도광명교육지원청","경기도 광명시","S090000489","광문고등학교","04","공립","N","","11","305","27.7","11","297","27","11","281","25.5","1","4","4","0","0","0","34","887","26.1","66","13.4"
"경기도교육청","경기도광주하남교육지원청","경기도 광주시","S090000490","광주고등학교","04","공립","N","","10","307","30.7","12","380","31.7","12","319","26.6","1","6","6","0","0","0","35","1012","28.9","69","14.7"
"경기도교육청","경기도광주하남교육지원청","경기도 광주시","S090000492","곤지암고등학교","04","공립","N","","6","166","27.7","6","152","25.3","8","139","17.4","1","4","4","0","0","0","21","461","22","42","11"
"경기도교육청","경기도광주하남교육지원청","경기도 광주시","S090000493","광주중앙고등학교","04","공립","N","","14","436","31.1","14","438","31.3","14","396","28.3","3","23","7.7","0","0","0","45","1293","28.7","88","14.7"
"경기도교육청","경기도파주교육지원청","경기도 파주시","S090000494","광탄고등학교","04","사립","N","","4","104","26","4","101","25.3","4","99","24.8","1","3","3","0","0","0","13","307","23.6","25","12.3"
"경기도교육청","경기도구리남양주교육지원청","경기도 구리시","S090000496","구리고등학교","04","공립","N","","8","188","23.5","9","240","26.7","8","196","24.5","0","0","0","0","0","0","25","624","25","48","13"
"경기도교육청","경기도구리남양주교육지원청","경기도 구리시","S090000497","구리여자고등학교","04","공립","N","","8","179","22.4","8","187","23.4","8","170","21.3","1","4","4","0","0","0","25","540","21.6","49","11"
"경기도교육청","경기도시흥교육지원청","경기도 시흥시","S090000499","군자디지털과학고등학교","04","공립","N","","8","121","15.1","8","115","14.4","8","109","13.6","2","13","6.5","2","6","3","28","364","13","62","5.9"
"경기도교육청","경기도군포의왕교육지원청","경기도 군포시","S090000502","군포고등학교","04","사립","N","","10","266","26.6","11","295","26.8","11","274","24.9","0","0","0","0","0","0","32","835","26.1","62","13.5"
"경기도교육청","경기도군포의왕교육지원청","경기도 군포시","S090000504","군포e비즈니스고등학교","04","공립","N","","8","138","17.3","9","112","12.4","9","135","15","2","12","6","2","10","5","30","407","13.6","65","6.3"
"경기도교육청","경기도수원교육지원청","경기도 수원시 권선구","S090000505","권선고등학교","04","공립","N","","12","333","27.8","12","354","29.5","12","315","26.3","3","22","7.3","0","0","0","39","1024","26.3","73","14"
"경기도교육청","경기도안양과천교육지원청","경기도 안양시 만안구","S090000507","근명고등학교","04","사립","N","","8","179","22.4","9","194","21.6","10","197","19.7","0","0","0","0","0","0","27","570","21.1","58","9.8"
"경기도교육청","경기도구리남양주교육지원청","경기도 남양주시","S090000508","금곡고등학교","04","공립","N","","12","279","23.3","12","303","25.3","12","282","23.5","0","0","0","0","0","0","36","864","24","73","11.8"
"경기도교육청","경기도용인교육지원청","경기도 용인시 기흥구","S090000509","기흥고등학교","04","공립","N","","11","339","30.8","11","366","33.3","11","308","28","1","9","9","0","0","0","34","1022","30.1","66","15.5"
"경기도교육청","경기도김포교육지원청","경기도 김포시","S090000510","김포고등학교","04","공립","N","","10","338","33.8","11","378","34.4","11","359","32.6","1","2","2","0","0","0","33","1077","32.6","62","17.4"
"경기도교육청","경기도김포교육지원청","경기도 김포시","S090000511","김포과학기술고등학교","04","공립","N","","8","170","21.3","8","178","22.3","8","150","18.8","1","5","5","0","0","0","25","503","20.1","55","9.1"
"경기도교육청","경기도성남교육지원청","경기도 성남시 분당구","S090000515","낙생고등학교","04","사립","N","","10","279","27.9","10","286","28.6","10","260","26","0","0","0","0","0","0","30","825","27.5","58","14.2"
"경기도교육청","경기도동두천양주교육지원청","경기도 양주시","S090000517","한국외식과학고등학교","04","사립","N","","4","90","22.5","4","94","23.5","4","85","21.3","0","0","0","0","0","0","12","269","22.4","25","10.8"
"경기도교육청","경기도화성오산교육지원청","경기도 화성시","S090000518","남양고등학교","04","공립","N","","7","223","31.9","7","222","31.7","7","200","28.6","1","6","6","1","5","5","23","656","28.5","45","14.6"
"경기도교육청","경기도구리남양주교육지원청","경기도 남양주시","S090000519","남양주고등학교","04","공립","N","","7","138","19.7","7","100","14.3","7","96","13.7","1","9","9","0","0","0","22","343","15.6","47","7.3"
"경기도교육청","경기도광주하남교육지원청","경기도 하남시","S090000520","남한고등학교","04","공립","N","","9","236","26.2","10","287","28.7","8","219","27.4","2","11","5.5","0","0","0","29","753","26","54","13.9"
"경기도교육청","경기도고양교육지원청","경기도 고양시 덕양구","S090000521","능곡고등학교","04","공립","N","","11","249","22.6","11","239","21.7","11","248","22.5","0","0","0","0","0","0","33","736","22.3","64","11.5"
"경기도교육청","경기도안산교육지원청","경기도 안산시 단원구","S090000524","대부고등학교","04","공립","N","","1","22","22","1","9","9","2","16","8","1","4","4","1","5","5","6","56","9.3","13","4.3"
"경기도교육청","경기도여주교육지원청","경기도 여주시","S090000525","대신고등학교","04","사립","N","","3","79","26.3","3","84","28","3","76","25.3","1","4","4","0","0","0","10","243","24.3","20","12.2"
"경기도교육청","경기도수원교육지원청","경기도 수원시 장안구","S090000527","대평고등학교","04","공립","N","","10","274","27.4","10","281","28.1","10","264","26.4","1","8","8","0","0","0","31","827","26.7","61","13.6"
"경기도교육청","경기도부천교육지원청","경기도 부천시 오정구","S090000528","덕산고등학교","04","공립","N","","8","171","21.4","8","186","23.3","8","192","24","1","3","3","1","3","3","26","555","21.3","48","11.6"
"경기도교육청","경기도구리남양주교육지원청","경기도 남양주시","S090000529","덕소고등학교","04","사립","N","","12","371","30.9","12","369","30.8","12","338","28.2","0","0","0","0","0","0","36","1078","29.9","70","15.4"
"경기도교육청","경기도동두천양주교육지원청","경기도 양주시","S090000532","덕정고등학교","04","공립","N","","9","283","31.4","9","269","29.9","9","252","28","2","9","4.5","0","0","0","29","813","28","57","14.3"
"경기도교육청","경기도부천교육지원청","경기도 부천시 원미구","S090000533","도당고등학교","04","공립","N","","9","221","24.6","9","239","26.6","9","215","23.9","1","6","6","0","0","0","28","681","24.3","54","12.6"
"경기도교육청","경기도포천교육지원청","경기도 포천시","S090000534","동남고등학교","04","사립","N","","10","216","21.6","10","226","22.6","10","218","21.8","1","9","9","0","0","0","31","669","21.6","58","11.5"
"경기도교육청","경기도동두천양주교육지원청","경기도 동두천시","S090000536","동두천고등학교","04","사립","N","","5","126","25.2","5","132","26.4","5","131","26.2","0","0","0","0","0","0","15","389","25.9","30","13"
"경기도교육청","경기도동두천양주교육지원청","경기도 동두천시","S090000538","한국문화영상고등학교","04","사립","N","","6","131","21.8","6","142","23.7","6","124","20.7","0","0","0","0","0","0","18","397","22.1","37","10.7"
"경기도교육청","경기도동두천양주교육지원청","경기도 동두천시","S090000539","동두천중앙고등학교","04","공립","N","","7","141","20.1","7","171","24.4","7","151","21.6","2","12","6","1","3","3","24","478","19.9","48","10"
"경기도교육청","경기도안양과천교육지원청","경기도 안양시 동안구","S090000541","동안고등학교","04","공립","N","","13","357","27.5","13","352","27.1","13","346","26.6","0","0","0","0","0","0","39","1055","27.1","75","14.1"
"경기도교육청","경기도수원교육지원청","경기도 수원시 장안구","S090000542","동우여자고등학교","04","사립","N","","9","234","26","10","249","24.9","10","256","25.6","0","0","0","0","0","0","29","739","25.5","57","13"
"경기도교육청","경기도수원교육지원청","경기도 수원시 장안구","S090000543","동원고등학교","04","사립","N","","10","256","25.6","11","277","25.2","11","249","22.6","0","0","0","0","0","0","32","782","24.4","64","12.2"
"경기도교육청","경기도평택교육지원청","경기도 평택시","S090000544","동일공업고등학교","04","사립","N","","10","265","26.5","10","267","26.7","10","251","25.1","0","0","0","0","0","0","30","783","26.1","67","11.7"
"경기도교육청","경기도구리남양주교육지원청","경기도 남양주시","S090000545","동화고등학교","04","사립","N","","15","471","31.4","15","463","30.9","15","441","29.4","0","0","0","0","0","0","45","1375","30.6","86","16"
"경기도교육청","경기도화성오산교육지원청","경기도 화성시","S090000546","두레자연고등학교","04","사립","N","","2","40","20","2","40","20","2","39","19.5","0","0","0","0","0","0","6","119","19.8","16","7.4"
"경기도교육청","경기도이천교육지원청","경기도 이천시","S090000548","마장고등학교","04","공립","N","","4","78","19.5","4","75","18.8","3","64","21.3","1","2","2","0","0","0","12","219","18.3","24","9.1"
"경기도교육청","경기도수원교육지원청","경기도 수원시 팔달구","S090000552","매향여자정보고등학교","04","사립","N","","10","230","23","10","225","22.5","12","205","17.1","0","0","0","0","0","0","32","660","20.6","73","9"
"경기도교육청","경기도고양교육지원청","경기도 고양시 덕양구","S090000553","무원고등학교","04","공립","N","","11","258","23.5","11","269","24.5","11","243","22.1","1","7","7","0","0","0","34","777","22.9","67","11.6"
"경기도교육청","경기도파주교육지원청","경기도 파주시","S090000554","문산고등학교","04","공립","N","","5","115","23","5","130","26","5","96","19.2","2","13","6.5","0","0","0","17","354","20.8","33","10.7"
"경기도교육청","경기도파주교육지원청","경기도 파주시","S090000555","문산수억고등학교","04","사립","N","","10","241","24.1","10","232","23.2","10","219","21.9","1","8","8","0","0","0","31","700","22.6","61","11.5"
"경기도교육청","경기도파주교육지원청","경기도 파주시","S090000556","문산제일고등학교","04","공립","N","","10","255","25.5","11","290","26.4","10","229","22.9","2","17","8.5","0","0","0","33","791","24","65","12.2"
"경기도교육청","경기도안산교육지원청","경기도 안산시 상록구","S090000558","경기모바일과학고등학교","04","공립","N","","8","128","16","8","152","19","7","90","12.9","1","2","2","0","0","0","24","372","15.5","50","7.4"
"경기도교육청","경기도화성오산교육지원청","경기도 화성시","S090000559","발안바이오과학고등학교","04","공립","N","","5","130","26","4","108","27","4","96","24","0","0","0","0","0","0","13","334","25.7","30","11.1"
"경기도교육청","경기도고양교육지원청","경기도 고양시 일산동구","S090000563","백마고등학교","04","공립","N","","11","286","26","11","295","26.8","11","267","24.3","0","0","0","0","0","0","33","848","25.7","63","13.5"
"경기도교육청","경기도고양교육지원청","경기도 고양시 일산동구","S090000564","백석고등학교","04","공립","N","","11","275","25","11","289","26.3","11","250","22.7","0","0","0","0","0","0","33","814","24.7","63","12.9"
"경기도교육청","경기도고양교육지원청","경기도 고양시 일산동구","S090000565","백신고등학교","04","공립","N","","11","277","25.2","11","287","26.1","11","254","23.1","1","8","8","0","0","0","34","826","24.3","66","12.5"
"경기도교육청","경기도용인교육지원청","경기도 용인시 처인구","S090000566","백암고등학교","04","공립","N","","3","49","16.3","4","55","13.8","3","38","12.7","1","4","4","0","0","0","11","146","13.3","22","6.6"
"경기도교육청","경기도고양교육지원청","경기도 고양시 덕양구","S090000567","백양고등학교","04","공립","N","","11","256","23.3","11","272","24.7","11","250","22.7","1","4","4","0","0","0","34","782","23","65","12"
"경기도교육청","경기도안양과천교육지원청","경기도 안양시 동안구","S090000568","백영고등학교","04","사립","N","","12","323","26.9","12","332","27.7","12","294","24.5","0","0","0","0","0","0","36","949","26.4","72","13.2"
"경기도교육청","경기도군포의왕교육지원청","경기도 의왕시","S090000569","백운고등학교","04","공립","N","","11","269","24.5","11","276","25.1","11","264","24","2","8","4","0","0","0","35","817","23.3","67","12.2"
"경기도교육청","경기도동두천양주교육지원청","경기도 동두천시","S090000572","한빛누리고등학교","04","사립","N","","7","178","25.4","7","184","26.3","7","145","20.7","2","9","4.5","0","0","0","23","516","22.4","45","11.5"
"경기도교육청","경기도부천교육지원청","경기도 부천시 원미구","S090000576","부명고등학교","04","공립","N","","9","231","25.7","9","254","28.2","9","229","25.4","1","7","7","0","0","0","28","721","25.8","56","12.9"
"경기도교육청","경기도부천교육지원청","경기도 부천시 원미구","S090000577","경기국제통상고등학교","04","공립","N","","10","177","17.7","9","119","13.2","9","128","14.2","3","21","7","0","0","0","31","445","14.4","61","7.3"
"경기도교육청","경기도부천교육지원청","경기도 부천시 원미구","S090000578","상동고등학교","04","공립","N","","9","226","25.1","9","250","27.8","9","218","24.2","0","0","0","0","0","0","27","694","25.7","53","13.1"
"경기도교육청","경기도부천교육지원청","경기도 부천시 소사구","S090000579","부천고등학교","04","공립","N","","9","185","20.6","9","203","22.6","10","229","22.9","0","0","0","0","0","0","28","617","22","55","11.2"
"경기도교육청","경기도부천교육지원청","경기도 부천시 소사구","S090000580","부천공업고등학교","04","공립","N","","7","90","12.9","9","110","12.2","9","103","11.4","2","16","8","0","0","0","27","319","11.8","64","5"
"경기도교육청","경기도부천교육지원청","경기도 부천시 원미구","S090000581","부천북고등학교","04","공립","N","","9","224","24.9","9","257","28.6","9","223","24.8","1","5","5","0","0","0","28","709","25.3","56","12.7"
"경기도교육청","경기도부천교육지원청","경기도 부천시 원미구","S090000584","부천여자고등학교","04","공립","N","","7","122","17.4","7","136","19.4","9","187","20.8","0","0","0","0","0","0","23","445","19.3","46","9.7"
"경기도교육청","경기도부천교육지원청","경기도 부천시 원미구","S090000585","부천정보산업고등학교","04","공립","N","","10","163","16.3","11","192","17.5","11","176","16","3","23","7.7","0","0","0","35","554","15.8","77","7.2"
"경기도교육청","경기도안양과천교육지원청","경기도 안양시 동안구","S090000586","부흥고등학교","04","공립","N","","13","348","26.8","13","358","27.5","13","322","24.8","2","8","4","0","0","0","41","1036","25.3","78","13.3"
"경기도교육청","경기도성남교육지원청","경기도 성남시 분당구","S090000587","분당고등학교","04","공립","N","","10","276","27.6","10","280","28","10","250","25","1","5","5","0","0","0","31","811","26.2","60","13.5"
"경기도교육청","경기도성남교육지원청","경기도 성남시 분당구","S090000588","분당대진고등학교","04","사립","N","","12","324","27","12","324","27","12","300","25","0","0","0","0","0","0","36","948","26.3","69","13.7"
"경기도교육청","경기도성남교육지원청","경기도 성남시 분당구","S090000589","분당경영고등학교","04","공립","N","","9","157","17.4","9","162","18","10","171","17.1","1","7","7","0","0","0","29","497","17.1","62","8"
"경기도교육청","경기도성남교육지원청","경기도 성남시 분당구","S090000590","분당중앙고등학교","04","공립","N","","9","246","27.3","9","252","28","9","216","24","0","0","0","0","0","0","27","714","26.4","54","13.2"
"경기도교육청","경기도성남교육지원청","경기도 성남시 분당구","S090000591","불곡고등학교","04","공립","N","","9","241","26.8","9","245","27.2","9","235","26.1","1","5","5","0","0","0","28","726","25.9","55","13.2"
"경기도교육청","경기도화성오산교육지원청","경기도 화성시","S090000594","비봉고등학교","04","사립","N","","10","249","24.9","11","267","24.3","11","226","20.5","0","0","0","0","0","0","32","742","23.2","65","11.4"
"경기도교육청","경기도김포교육지원청","경기도 김포시","S090000596","사우고등학교","04","공립","N","","11","377","34.3","13","433","33.3","11","359","32.6","2","11","5.5","0","0","0","37","1180","31.9","71","16.6"
"경기도교육청","경기도군포의왕교육지원청","경기도 군포시","S090000597","산본고등학교","04","공립","N","","13","359","27.6","14","384","27.4","13","352","27.1","2","10","5","0","0","0","42","1105","26.3","81","13.6"
"경기도교육청","경기도군포의왕교육지원청","경기도 군포시","S090000598","경기폴리텍고등학교","04","공립","N","","5","56","11.2","6","63","10.5","5","66","13.2","0","0","0","0","0","0","16","185","11.6","36","5.1"
"경기도교육청","경기도파주교육지원청","경기도 파주시","S090000599","삼광고등학교","04","사립","N","","2","28","14","2","36","18","2","35","17.5","0","0","0","0","0","0","6","99","16.5","15","6.6"
"경기도교육청","경기도화성오산교육지원청","경기도 화성시","S090000600","삼괴고등학교","04","사립","N","","8","218","27.3","8","221","27.6","8","201","25.1","2","12","6","0","0","0","26","652","25.1","51","12.8"
"경기도교육청","경기도수원교육지원청","경기도 수원시 팔달구","S090000602","삼일공업고등학교","04","사립","N","","14","330","23.6","14","352","25.1","14","320","22.9","0","0","0","0","0","0","42","1002","23.9","92","10.9"
"경기도교육청","경기도수원교육지원청","경기도 수원시 팔달구","S090000603","삼일고등학교","04","사립","N","","12","278","23.2","12","289","24.1","12","259","21.6","0","0","0","0","0","0","36","826","22.9","76","10.9"
"경기도교육청","경기도구리남양주교육지원청","경기도 구리시","S090000606","서울삼육고등학교","04","사립","N","","8","208","26","8","211","26.4","8","190","23.8","0","0","0","0","0","0","24","609","25.4","48","12.7"
"경기도교육청","경기도시흥교육지원청","경기도 시흥시","S090000607","서해고등학교","04","공립","N","","11","383","34.8","11","373","33.9","11","356","32.4","3","20","6.7","0","0","0","36","1132","31.4","68","16.6"
"경기도교육청","경기도성남교육지원청","경기도 성남시 분당구","S090000608","서현고등학교","04","공립","N","","10","274","27.4","10","276","27.6","10","273","27.3","0","0","0","0","0","0","30","823","27.4","59","13.9"
"경기도교육청","경기도가평교육지원청","경기도 가평군","S090000609","설악고등학교","04","공립","N","","2","49","24.5","2","52","26","2","51","25.5","1","6","6","0","0","0","7","158","22.6","16","9.9"
"경기도교육청","경기도성남교육지원청","경기도 성남시 중원구","S090000610","성남테크노과학고등학교","04","공립","N","","6","73","12.2","7","111","15.9","6","87","14.5","4","26","6.5","0","0","0","23","297","12.9","47","6.3"
"경기도교육청","경기도성남교육지원청","경기도 성남시 중원구","S090000611","성남고등학교","04","공립","N","","8","183","22.9","8","185","23.1","8","163","20.4","1","7","7","0","0","0","25","538","21.5","50","10.8"
"경기도교육청","경기도성남교육지원청","경기도 성남시 중원구","S090000612","성남여자고등학교","04","공립","N","","9","206","22.9","9","220","24.4","9","186","20.7","4","7","1.8","0","0","0","31","619","20","55","11.3"
"경기도교육청","경기도성남교육지원청","경기도 성남시 분당구","S090000613","분당아람고등학교","04","공립","N","","10","196","19.6","10","186","18.6","10","158","15.8","1","9","9","0","0","0","31","549","17.7","70","7.8"
"경기도교육청","경기도안양과천교육지원청","경기도 안양시 만안구","S090000614","성문고등학교","04","사립","N","","10","265","26.5","11","277","25.2","11","272","24.7","0","0","0","0","0","0","32","814","25.4","62","13.1"
"경기도교육청","경기도성남교육지원청","경기도 성남시 수정구","S090000617","성보경영고등학교","04","사립","N","","12","264","22","12","278","23.2","14","272","19.4","1","9","9","0","0","0","39","823","21.1","83","9.9"
"경기도교육청","경기도안산교육지원청","경기도 안산시 상록구","S090000618","성안고등학교","04","공립","N","","11","290","26.4","12","325","27.1","11","275","25","2","14","7","1","4","4","37","908","24.5","70","13"
"경기도교육청","경기도성남교육지원청","경기도 성남시 중원구","S090000620","성일고등학교","04","사립","N","","11","250","22.7","11","267","24.3","11","230","20.9","0","0","0","0","0","0","33","747","22.6","63","11.9"
"경기도교육청","경기도성남교육지원청","경기도 성남시 중원구","S090000622","동광고등학교","04","사립","N","","9","216","24","9","223","24.8","9","184","20.4","1","9","9","0","0","0","28","632","22.6","55","11.5"
"경기도교육청","경기도성남교육지원청","경기도 성남시 중원구","S090000624","성일정보고등학교","04","사립","N","","12","261","21.8","12","277","23.1","12","250","20.8","0","0","0","0","0","0","36","788","21.9","77","10.2"
"경기도교육청","경기도화성오산교육지원청","경기도 오산시","S090000626","성호고등학교","04","공립","N","","10","330","33","10","328","32.8","10","284","28.4","1","4","4","0","0","0","31","946","30.5","60","15.8"
"경기도교육청","경기도고양교육지원청","경기도 고양시 일산동구","S090000627","세원고등학교","04","사립","N","","8","161","20.1","7","156","22.3","8","151","18.9","0","0","0","0","0","0","23","468","20.3","45","10.4"
"경기도교육청","경기도시흥교육지원청","경기도 시흥시","S090000628","소래고등학교","04","공립","N","","13","358","27.5","13","364","28","12","281","23.4","1","5","5","0","0","0","39","1008","25.8","74","13.6"
"경기도교육청","경기도부천교육지원청","경기도 부천시 원미구","S090000630","소명여자고등학교","04","사립","N","","10","251","25.1","10","276","27.6","10","235","23.5","1","5","5","0","0","0","31","767","24.7","60","12.8"
"경기도교육청","경기도부천교육지원청","경기도 부천시 소사구","S090000631","소사고등학교","04","공립","N","","10","262","26.2","10","276","27.6","9","209","23.2","2","17","8.5","0","0","0","31","764","24.6","60","12.7"
"경기도교육청","경기도광명교육지원청","경기도 광명시","S090000632","소하고등학교","04","공립","N","","11","297","27","12","301","25.1","11","278","25.3","2","7","3.5","0","0","0","36","883","24.5","68","13"
"경기도교육청","경기도성남교육지원청","경기도 성남시 분당구","S090000633","송림고등학교","04","사립","N","","10","265","26.5","10","280","28","10","250","25","0","0","0","0","0","0","30","795","26.5","58","13.7"
"경기도교육청","경기도화성오산교육지원청","경기도 화성시","S090000634","송산고등학교","04","사립","N","","4","129","32.3","4","131","32.8","4","117","29.3","1","6","6","0","0","0","13","383","29.5","24","16"
"경기도교육청","경기도평택교육지원청","경기도 평택시","S090000636","송탄고등학교","04","공립","N","","6","152","25.3","7","159","22.7","7","153","21.9","3","16","5.3","1","3","3","24","483","20.1","45","10.7"
"경기도교육청","경기도평택교육지원청","경기도 평택시","S090000637","라온고등학교","04","사립","N","","8","256","32","6","193","32.2","6","165","27.5","0","0","0","0","0","0","20","614","30.7","39","15.7"
"경기도교육청","경기도의정부교육지원청","경기도 의정부시","S090000638","송현고등학교","04","공립","N","","11","303","27.5","11","321","29.2","11","279","25.4","2","10","5","0","0","0","35","913","26.1","67","13.6"
"경기도교육청","경기도성남교육지원청","경기도 성남시 분당구","S090000639","수내고등학교","04","공립","N","","9","243","27","9","251","27.9","9","227","25.2","1","5","5","0","0","0","28","726","25.9","55","13.2"
"경기도교육청","경기도군포의왕교육지원청","경기도 군포시","S090000640","수리고등학교","04","공립","N","","14","375","26.8","14","384","27.4","15","386","25.7","0","0","0","0","0","0","43","1145","26.6","83","13.8"
"경기도교육청","경기도수원교육지원청","경기도 수원시 장안구","S090000641","수성고등학교","04","공립","N","","12","319","26.6","12","328","27.3","12","299","24.9","0","0","0","0","0","0","36","946","26.3","71","13.3"
"경기도교육청","경기도화성오산교육지원청","경기도 화성시","S090000644","홍익디자인고등학교","04","사립","N","","4","108","27","4","103","25.8","4","95","23.8","0","0","0","0","0","0","12","306","25.5","24","12.8"
"경기도교육청","경기도수원교육지원청","경기도 수원시 팔달구","S090000645","수원고등학교","04","사립","N","","12","314","26.2","13","285","21.9","13","321","24.7","0","0","0","0","0","0","38","920","24.2","73","12.6"
"경기도교육청","경기도수원교육지원청","경기도 수원시 팔달구","S090000646","수원공업고등학교","04","사립","N","","15","350","23.3","15","354","23.6","15","337","22.5","0","0","0","0","0","0","45","1041","23.1","99","10.5"
"경기도교육청","경기도수원교육지원청","경기도 수원시 장안구","S090000648","수원농생명과학고등학교","04","공립","N","","10","223","22.3","10","211","21.1","10","199","19.9","3","23","7.7","0","0","0","33","656","19.9","79","8.3"
"경기도교육청","경기도수원교육지원청","경기도 수원시 팔달구","S090000649","수원여자고등학교","04","공립","N","","11","283","25.7","11","267","24.3","11","268","24.4","0","0","0","0","0","0","33","818","24.8","66","12.4"
"경기도교육청","경기도수원교육지원청","경기도 수원시 영통구","S090000651","수원정보과학고등학교","04","공립","N","","8","153","19.1","8","155","19.4","8","131","16.4","3","20","6.7","0","0","0","27","459","17","57","8.1"
"경기도교육청","경기도수원교육지원청","경기도 수원시 권선구","S090000653","한봄고등학교","04","사립","N","","10","228","22.8","10","241","24.1","10","212","21.2","0","0","0","0","0","0","30","681","22.7","66","10.3"
"경기도교육청","경기도수원교육지원청","경기도 수원시 장안구","S090000654","수일고등학교","04","공립","N","","11","302","27.5","11","294","26.7","11","281","25.5","0","0","0","0","0","0","33","877","26.6","63","13.9"
"경기도교육청","경기도용인교육지원청","경기도 용인시 수지구","S090000655","수지고등학교","04","공립","N","","13","448","34.5","14","482","34.4","14","416","29.7","1","9","9","0","0","0","42","1355","32.3","85","15.9"
"경기도교육청","경기도구리남양주교육지원청","경기도 구리시","S090000656","수택고등학교","04","공립","N","","8","208","26","9","239","26.6","8","195","24.4","3","19","6.3","0","0","0","28","661","23.6","59","11.2"
"경기도교육청","경기도수원교육지원청","경기도 수원시 팔달구","S090000657","숙지고등학교","04","공립","N","","11","303","27.5","11","303","27.5","11","263","23.9","2","16","8","2","7","3.5","37","892","24.1","69","12.9"
"경기도교육청","경기도성남교육지원청","경기도 성남시 중원구","S090000658","숭신여자고등학교","04","사립","N","","10","221","22.1","10","221","22.1","10","195","19.5","0","0","0","0","0","0","30","637","21.2","58","11"
"경기도교육청","경기도부천교육지원청","경기도 부천시 소사구","S090000659","시온고등학교","04","사립","N","","11","291","26.5","11","319","29","11","279","25.4","0","0","0","0","0","0","33","889","26.9","63","14.1"
"경기도교육청","경기도시흥교육지원청","경기도 시흥시","S090000660","경기스마트고등학교","04","공립","N","","8","172","21.5","9","167","18.6","9","130","14.4","2","15","7.5","1","3","3","29","487","16.8","64","7.6"
"경기도교육청","경기도용인교육지원청","경기도 용인시 기흥구","S090000661","신갈고등학교","04","사립","N","","10","311","31.1","10","307","30.7","10","283","28.3","0","0","0","0","0","0","30","901","30","59","15.3"
"경기도교육청","경기도안양과천교육지원청","경기도 안양시 만안구","S090000662","신성고등학교","04","사립","N","","12","322","26.8","12","314","26.2","12","305","25.4","0","0","0","0","0","0","36","941","26.1","70","13.4"
"경기도교육청","경기도고양교육지원청","경기도 고양시 일산서구","S090000665","신일비즈니스고등학교","04","공립","N","","8","166","20.8","8","155","19.4","9","129","14.3","1","1","1","0","0","0","26","451","17.3","53","8.5"
"경기도교육청","경기도평택교육지원청","경기도 평택시","S090000666","신한고등학교","04","사립","N","","10","332","33.2","10","335","33.5","10","296","29.6","1","9","9","0","0","0","31","972","31.4","61","15.9"
"경기도교육청","경기도동두천양주교육지원청","경기도 동두천시","S090000667","신흥고등학교","04","사립","N","","4","102","25.5","4","99","24.8","4","107","26.8","0","0","0","0","0","0","12","308","25.7","27","11.4"
"경기도교육청","경기도구리남양주교육지원청","경기도 남양주시","S090000669","심석고등학교","04","사립","N","","12","404","33.7","12","381","31.8","12","341","28.4","0","0","0","0","0","0","36","1126","31.3","69","16.3"
"경기도교육청","경기도부천교육지원청","경기도 부천시 원미구","S090000671","심원고등학교","04","공립","N","","9","227","25.2","9","250","27.8","9","222","24.7","1","8","8","0","0","0","28","707","25.3","55","12.9"
"경기도교육청","경기도안성교육지원청","경기도 안성시","S090000672","안법고등학교","04","사립","N","","8","264","33","8","254","31.8","8","214","26.8","0","0","0","0","0","0","24","732","30.5","46","15.9"
"경기도교육청","경기도안산교육지원청","경기도 안산시 단원구","S090000673","안산강서고등학교","04","사립","N","","12","287","23.9","12","290","24.2","12","273","22.8","0","0","0","0","0","0","36","850","23.6","71","12"
"경기도교육청","경기도안산교육지원청","경기도 안산시 상록구","S090000674","안산국제비즈니스고등학교","04","사립","N","","12","245","20.4","13","224","17.2","11","157","14.3","0","0","0","0","0","0","36","626","17.4","73","8.6"
"경기도교육청","경기도안산교육지원청","경기도 안산시 상록구","S090000675","안산고등학교","04","사립","N","","11","267","24.3","11","244","22.2","11","239","21.7","0","0","0","0","0","0","33","750","22.7","63","11.9"
"경기도교육청","경기도안산교육지원청","경기도 안산시 상록구","S090000676","안산공업고등학교","04","사립","N","","15","314","20.9","15","340","22.7","15","299","19.9","0","0","0","0","0","0","45","953","21.2","95","10"
"경기도교육청","경기도안산교육지원청","경기도 안산시 상록구","S090000677","안산동산고등학교","04","사립","N","","12","357","29.8","12","358","29.8","12","299","24.9","0","0","0","0","0","0","36","1014","28.2","83","12.2"
"경기도교육청","경기도안산교육지원청","경기도 안산시 상록구","S090000680","안산디자인문화고등학교","04","사립","N","","11","243","22.1","12","276","23","12","242","20.2","0","0","0","0","0","0","35","761","21.7","75","10.1"
"경기도교육청","경기도안성교육지원청","경기도 안성시","S090000684","안성고등학교","04","공립","N","","7","228","32.6","7","234","33.4","7","217","31","3","23","7.7","0","0","0","24","702","29.3","46","15.3"
"경기도교육청","경기도안성교육지원청","경기도 안성시","S090000685","두원공업고등학교","04","사립","N","","8","195","24.4","8","174","21.8","8","169","21.1","0","0","0","0","0","0","24","538","22.4","53","10.2"
"경기도교육청","경기도안성교육지원청","경기도 안성시","S090000686","안성여자고등학교","04","공립","N","","6","192","32","6","202","33.7","6","171","28.5","3","15","5","0","0","0","21","580","27.6","40","14.5"
"경기도교육청","경기도안성교육지원청","경기도 안성시","S090000689","가온고등학교","04","사립","N","","10","304","30.4","10","287","28.7","10","244","24.4","0","0","0","0","0","0","30","835","27.8","61","13.7"
"경기도교육청","경기도안양과천교육지원청","경기도 안양시 만안구","S090000690","안양고등학교","04","공립","N","","12","325","27.1","12","320","26.7","12","292","24.3","1","5","5","0","0","0","37","942","25.5","71","13.3"
"경기도교육청","경기도안양과천교육지원청","경기도 안양시 만안구","S090000691","안양공업고등학교","04","공립","N","","9","86","9.6","9","105","11.7","8","97","12.1","3","15","5","0","0","0","29","303","10.4","69","4.4"
"경기도교육청","경기도안양과천교육지원청","경기도 안양시 만안구","S090000693","안양여자고등학교","04","사립","N","","8","191","23.9","8","194","24.3","8","184","23","0","0","0","0","0","0","24","569","23.7","43","13.2"
"경기도교육청","경기도안양과천교육지원청","경기도 안양시 만안구","S090000694","안양문화고등학교","04","사립","N","","8","155","19.4","8","169","21.1","8","124","15.5","0","0","0","0","0","0","24","448","18.7","50","9"
"경기도교육청","경기도안양과천교육지원청","경기도 안양시 만안구","S090000696","안양예술고등학교","04","사립","N","","8","292","36.5","8","305","38.1","8","283","35.4","0","0","0","0","0","0","24","880","36.7","47","18.7"
"경기도교육청","경기도안양과천교육지원청","경기도 안양시 만안구","S090000697","안양외국어고등학교","04","사립","N","","10","238","23.8","10","219","21.9","10","187","18.7","0","0","0","0","0","0","30","644","21.5","68","9.5"
"경기도교육청","경기도평택교육지원청","경기도 평택시","S090000699","경기물류고등학교","04","공립","N","","6","154","25.7","6","149","24.8","6","141","23.5","3","23","7.7","0","0","0","21","467","22.2","42","11.1"
"경기도교육청","경기도평택교육지원청","경기도 평택시","S090000701","안중고등학교","04","사립","N","","7","168","24","8","177","22.1","8","165","20.6","0","0","0","0","0","0","23","510","22.2","45","11.3"
"경기도교육청","경기도성남교육지원청","경기도 성남시 분당구","S090000702","야탑고등학교","04","사립","N","","10","269","26.9","10","281","28.1","10","249","24.9","0","0","0","0","0","0","30","799","26.6","59","13.5"
"경기도교육청","경기도김포교육지원청","경기도 김포시","S090000703","양곡고등학교","04","사립","N","","8","279","34.9","9","293","32.6","7","227","32.4","0","0","0","0","0","0","24","799","33.3","46","17.4"
"경기도교육청","경기도양평교육지원청","경기도 양평군","S090000704","양동고등학교","04","사립","N","","3","66","22","3","60","20","3","67","22.3","1","5","5","0","0","0","10","198","19.8","21","9.4"
"경기도교육청","경기도안양과천교육지원청","경기도 안양시 만안구","S090000705","양명고등학교","04","사립","N","","11","295","26.8","12","315","26.3","12","316","26.3","0","0","0","0","0","0","35","926","26.5","66","14"
"경기도교육청","경기도안양과천교육지원청","경기도 안양시 만안구","S090000706","양명여자고등학교","04","사립","N","","10","265","26.5","10","255","25.5","10","244","24.4","0","0","0","0","0","0","30","764","25.5","59","12.9"
"경기도교육청","경기도양평교육지원청","경기도 양평군","S090000707","양서고등학교","04","사립","N","","9","261","29","9","232","25.8","9","213","23.7","0","0","0","0","0","0","27","706","26.1","53","13.3"
"경기도교육청","경기도성남교육지원청","경기도 성남시 분당구","S090000708","양영디지털고등학교","04","공립","N","","6","85","14.2","6","69","11.5","8","100","12.5","0","0","0","0","0","0","20","254","12.7","46","5.5"
"경기도교육청","경기도양평교육지원청","경기도 양평군","S090000711","양일고등학교","04","사립","N","","8","216","27","8","215","26.9","8","200","25","2","13","6.5","0","0","0","26","644","24.8","49","13.1"
"경기도교육청","경기도안산교육지원청","경기도 안산시 단원구","S090000713","양지고등학교","04","공립","N","","11","263","23.9","11","273","24.8","11","241","21.9","1","6","6","1","5","5","35","788","22.5","66","11.9"
"경기도교육청","경기도양평교육지원청","경기도 양평군","S090000714","양평전자과학고등학교","04","공립","N","","3","41","13.7","3","42","14","4","48","12","0","0","0","0","0","0","10","131","13.1","24","5.5"
"경기도교육청","경기도양평교육지원청","경기도 양평군","S090000716","양평고등학교","04","공립","N","","7","176","25.1","7","176","25.1","7","162","23.1","3","22","7.3","1","2","2","25","538","21.5","51","10.5"
"경기도교육청","경기도여주교육지원청","경기도 여주시","S090000717","여강고등학교","04","사립","N","","3","79","26.3","3","83","27.7","3","71","23.7","1","4","4","0","0","0","10","237","23.7","21","11.3"
"경기도교육청","경기도여주교육지원청","경기도 여주시","S090000718","여주고등학교","04","사립","N","","6","158","26.3","6","161","26.8","6","153","25.5","0","0","0","0","0","0","18","472","26.2","34","13.9"
"경기도교육청","경기도여주교육지원청","경기도 여주시","S090000720","세종고등학교","04","공립","N","","6","158","26.3","6","171","28.5","6","151","25.2","2","13","6.5","1","3","3","21","496","23.6","41","12.1"
"경기도교육청","경기도여주교육지원청","경기도 여주시","S090000722","여주자영농업고등학교","04","공립","N","","5","131","26.2","5","120","24","5","126","25.2","2","11","5.5","0","0","0","17","388","22.8","65","6"
"경기도교육청","경기도여주교육지원청","경기도 여주시","S090000723","여주제일고등학교","04","사립","N","","6","138","23","6","154","25.7","6","114","19","1","3","3","0","0","0","19","409","21.5","36","11.4"
"경기도교육청","경기도연천교육지원청","경기도 연천군","S090000726","연천고등학교","04","공립","N","","3","44","14.7","4","35","8.8","4","39","9.8","1","6","6","0","0","0","12","124","10.3","28","4.4"
"경기도교육청","경기도수원교육지원청","경기도 수원시 영통구","S090000728","영덕고등학교","04","공립","N","","12","327","27.3","12","348","29","12","311","25.9","0","0","0","0","0","0","36","986","27.4","69","14.3"
"경기도교육청","경기도성남교육지원청","경기도 성남시 분당구","S090000729","분당영덕여자고등학교","04","사립","N","","10","246","24.6","10","242","24.2","10","210","21","0","0","0","0","0","0","30","698","23.3","59","11.8"
"경기도교육청","경기도수원교육지원청","경기도 수원시 팔달구","S090000730","영복여자고등학교","04","사립","N","","11","286","26","11","280","25.5","11","259","23.5","0","0","0","0","0","0","33","825","25","64","12.9"
"경기도교육청","경기도포천교육지원청","경기도 포천시","S090000731","영북고등학교","04","공립","N","","3","53","17.7","3","53","17.7","3","51","17","0","0","0","0","0","0","9","157","17.4","19","8.3"
"경기도교육청","경기도수원교육지원청","경기도 수원시 장안구","S090000732","영생고등학교","04","사립","N","","11","302","27.5","11","318","28.9","11","282","25.6","0","0","0","0","0","0","33","902","27.3","64","14.1"
"경기도교육청","경기도의정부교육지원청","경기도 의정부시","S090000733","동국대학교사범대학부속영석고등학교","04","사립","N","","10","257","25.7","10","279","27.9","10","249","24.9","0","0","0","0","0","0","30","785","26.2","59","13.3"
"경기도교육청","경기도수원교육지원청","경기도 수원시 권선구","S090000734","영신여자고등학교","04","사립","N","","10","242","24.2","11","244","22.2","11","245","22.3","0","0","0","0","0","0","32","731","22.8","62","11.8"
"경기도교육청","경기도화성오산교육지원청","경기도 오산시","S090000736","오산고등학교","04","사립","N","","10","331","33.1","10","320","32","10","272","27.2","0","0","0","0","0","0","30","923","30.8","59","15.6"
"경기도교육청","경기도화성오산교육지원청","경기도 오산시","S090000737","오산정보고등학교","04","공립","N","","9","173","19.2","9","215","23.9","9","174","19.3","3","23","7.7","0","0","0","30","585","19.5","61","9.6"
"경기도교육청","경기도양평교육지원청","경기도 양평군","S090000739","용문고등학교","04","사립","N","","6","154","25.7","6","146","24.3","6","139","23.2","1","5","5","0","0","0","19","444","23.4","37","12"
"경기도교육청","경기도용인교육지원청","경기도 용인시 처인구","S090000740","용인고등학교","04","공립","N","","13","383","29.5","13","415","31.9","13","365","28.1","2","10","5","1","2","2","42","1175","28","80","14.7"
"경기도교육청","경기도용인교육지원청","경기도 용인시 처인구","S090000741","용인바이오고등학교","04","공립","N","","3","63","21","3","66","22","3","33","11","1","6","6","0","0","0","10","168","16.8","22","7.6"
"경기도교육청","경기도용인교육지원청","경기도 용인시 처인구","S090000744","덕영고등학교","04","사립","N","","9","172","19.1","10","211","21.1","10","193","19.3","0","0","0","0","0","0","29","576","19.9","61","9.4"
"경기도교육청","경기도군포의왕교육지원청","경기도 군포시","S090000745","용호고등학교","04","공립","N","","13","364","28","14","392","28","13","350","26.9","2","9","4.5","0","0","0","42","1115","26.5","82","13.6"
"경기도교육청","경기도군포의왕교육지원청","경기도 의왕시","S090000746","우성고등학교","04","사립","N","","11","270","24.5","11","277","25.2","11","257","23.4","0","0","0","0","0","0","33","804","24.4","63","12.8"
"경기도교육청","경기도안산교육지원청","경기도 안산시 단원구","S090000747","원곡고등학교","04","공립","N","","13","316","24.3","13","322","24.8","12","260","21.7","3","19","6.3","0","0","0","41","917","22.4","79","11.6"
"경기도교육청","경기도부천교육지원청","경기도 부천시 원미구","S090000748","원미고등학교","04","공립","N","","9","228","25.3","9","258","28.7","9","227","25.2","2","11","5.5","0","0","0","29","724","25","55","13.2"
"경기도교육청","경기도부천교육지원청","경기도 부천시 오정구","S090000749","원종고등학교","04","공립","N","","9","226","25.1","9","249","27.7","9","231","25.7","2","9","4.5","0","0","0","29","715","24.7","55","13"
"경기도교육청","경기도수원교육지원청","경기도 수원시 팔달구","S090000750","유신고등학교","04","사립","N","","12","314","26.2","13","313","24.1","13","320","24.6","0","0","0","0","0","0","38","947","24.9","74","12.8"
"경기도교육청","경기도파주교육지원청","경기도 파주시","S090000751","율곡고등학교","04","사립","N","","6","135","22.5","6","140","23.3","6","128","21.3","1","6","6","0","0","0","19","409","21.5","38","10.8"
"경기도교육청","경기도이천교육지원청","경기도 이천시","S090000753","율면고등학교","04","공립","N","","1","21","21","1","27","27","1","14","14","1","1","1","0","0","0","4","63","15.8","13","4.8"
"경기도교육청","경기도시흥교육지원청","경기도 시흥시","S090000754","은행고등학교","04","공립","N","","12","361","30.1","12","337","28.1","12","323","26.9","2","14","7","0","0","0","38","1035","27.2","73","14.2"
"경기도교육청","경기도평택교육지원청","경기도 평택시","S090000755","은혜고등학교","04","사립","N","","10","322","32.2","10","313","31.3","10","249","24.9","0","0","0","0","0","0","30","884","29.5","59","15"
"경기도교육청","경기도의정부교육지원청","경기도 의정부시","S090000756","의정부고등학교","04","공립","N","","9","191","21.2","10","264","26.4","10","225","22.5","1","5","5","0","0","0","30","685","22.8","58","11.8"
"경기도교육청","경기도의정부교육지원청","경기도 의정부시","S090000757","의정부공업고등학교","04","공립","N","","10","146","14.6","13","170","13.1","14","197","14.1","3","21","7","0","0","0","40","534","13.4","88","6.1"
"경기도교육청","경기도의정부교육지원청","경기도 의정부시","S090000758","의정부여자고등학교","04","공립","N","","8","168","21","10","238","23.8","10","222","22.2","1","5","5","0","0","0","29","633","21.8","56","11.3"
"경기도교육청","경기도성남교육지원청","경기도 성남시 분당구","S090000759","이매고등학교","04","공립","N","","10","273","27.3","10","281","28.1","10","237","23.7","0","0","0","0","0","0","30","791","26.4","59","13.4"
"경기도교육청","경기도이천교육지원청","경기도 이천시","S090000760","이천고등학교","04","공립","N","","10","273","27.3","10","271","27.1","10","249","24.9","1","8","8","0","0","0","31","801","25.8","62","12.9"
"경기도교육청","경기도이천교육지원청","경기도 이천시","S090000762","이천제일고등학교","04","공립","N","","14","335","23.9","14","341","24.4","14","332","23.7","3","16","5.3","1","1","1","46","1025","22.3","101","10.1"
"경기도교육청","경기도이천교육지원청","경기도 이천시","S090000763","이천양정여자고등학교","04","사립","N","","10","268","26.8","10","268","26.8","10","246","24.6","0","0","0","0","0","0","30","782","26.1","58","13.5"
"경기도교육청","경기도이천교육지원청","경기도 이천시","S090000765","다산고등학교","04","사립","N","","8","196","24.5","8","196","24.5","8","185","23.1","0","0","0","0","0","0","24","577","24","48","12"
"경기도교육청","경기도여주교육지원청","경기도 여주시","S090000767","이포고등학교","04","공립","N","","3","48","16","3","47","15.7","2","27","13.5","1","2","2","0","0","0","9","124","13.8","20","6.2"
"경기도교육청","경기도구리남양주교육지원청","경기도 구리시","S090000769","인창고등학교","04","공립","N","","8","218","27.3","9","246","27.3","8","191","23.9","2","12","6","0","0","0","27","667","24.7","52","12.8"
"경기도교육청","경기도포천교육지원청","경기도 포천시","S090000770","일동고등학교","04","공립","N","","5","95","19","5","83","16.6","5","86","17.2","2","8","4","0","0","0","17","272","16","36","7.6"
"경기도교육청","경기도고양교육지원청","경기도 고양시 일산서구","S090000771","일산고등학교","04","공립","N","","10","222","22.2","10","219","21.9","10","199","19.9","0","0","0","0","0","0","30","640","21.3","68","9.4"
"경기도교육청","경기도고양교육지원청","경기도 고양시 일산서구","S090000772","일산대진고등학교","04","사립","N","","13","327","25.2","13","329","25.3","13","302","23.2","0","0","0","0","0","0","39","958","24.6","76","12.6"
"경기도교육청","경기도고양교육지원청","경기도 고양시 일산서구","S090000773","일산동고등학교","04","공립","N","","11","278","25.3","11","306","27.8","11","278","25.3","2","9","4.5","0","0","0","35","871","24.9","68","12.8"
"경기도교육청","경기도고양교육지원청","경기도 고양시 일산서구","S090000775","일산국제컨벤션고등학교","04","공립","N","","10","209","20.9","10","166","16.6","10","157","15.7","1","6","6","0","0","0","31","538","17.4","67","8"
"경기도교육청","경기도안성교육지원청","경기도 안성시","S090000777","일죽고등학교","04","공립","N","","2","41","20.5","2","30","15","2","33","16.5","0","0","0","0","0","0","6","104","17.3","14","7.4"
"경기도교육청","경기도시흥교육지원청","경기도 시흥시","S090000778","장곡고등학교","04","공립","N","","9","278","30.9","9","262","29.1","9","227","25.2","2","9","4.5","0","0","0","29","776","26.8","57","13.6"
"경기도교육청","경기도수원교육지원청","경기도 수원시 장안구","S090000779","장안고등학교","04","공립","N","","10","281","28.1","10","290","29","10","261","26.1","2","14","7","0","0","0","32","846","26.4","62","13.6"
"경기도교육청","경기도이천교육지원청","경기도 이천시","S090000780","부원고등학교","04","사립","N","","5","99","19.8","5","107","21.4","5","102","20.4","0","0","0","0","0","0","15","308","20.5","32","9.6"
"경기도교육청","경기도이천교육지원청","경기도 이천시","S090000781","장호원고등학교","04","공립","N","","5","118","23.6","5","131","26.2","5","109","21.8","1","7","7","0","0","0","16","365","22.8","32","11.4"
"경기도교육청","경기도고양교육지원청","경기도 고양시 일산동구","S090000783","저동고등학교","04","공립","N","","11","277","25.2","11","301","27.4","11","266","24.2","1","7","7","0","0","0","34","851","25","66","12.9"
"경기도교육청","경기도파주교육지원청","경기도 파주시","S090000784","적성융합고등학교","04","공립","N","","2","15","7.5","2","21","10.5","2","17","8.5","1","3","3","0","0","0","7","56","8","17","3.3"
"경기도교육청","경기도연천교육지원청","경기도 연천군","S090000786","전곡고등학교","04","공립","N","","10","186","18.6","10","202","20.2","10","181","18.1","2","9","4.5","0","0","0","32","578","18.1","65","8.9"
"경기도교육청","경기도여주교육지원청","경기도 여주시","S090000787","점동고등학교","04","공립","N","","2","52","26","2","57","28.5","2","49","24.5","1","6","6","1","2","2","8","166","20.8","20","8.3"
"경기도교육청","경기도부천교육지원청","경기도 부천시 소사구","S090000788","정명고등학교","04","사립","N","","10","249","24.9","10","270","27","10","231","23.1","0","0","0","0","0","0","30","750","25","59","12.7"
"경기도교육청","경기도부천교육지원청","경기도 부천시 소사구","S090000790","경기경영고등학교","04","사립","N","","10","190","19","8","175","21.9","10","166","16.6","0","0","0","0","0","0","28","531","19","60","8.9"
"경기도교육청","경기도고양교육지원청","경기도 고양시 일산동구","S090000791","정발고등학교","04","공립","N","","11","278","25.3","11","301","27.4","11","263","23.9","2","8","4","0","0","0","35","850","24.3","66","12.9"
"경기도교육청","경기도시흥교육지원청","경기도 시흥시","S090000792","정왕고등학교","04","공립","N","","10","341","34.1","11","359","32.6","12","373","31.1","0","0","0","0","0","0","33","1073","32.5","63","17"
"경기도교육청","경기도가평교육지원청","경기도 가평군","S090000796","조종고등학교","04","공립","N","","4","53","13.3","3","51","17","3","43","14.3","1","5","5","0","0","0","11","152","13.8","22","6.9"
"경기도교육청","경기도고양교육지원청","경기도 고양시 일산서구","S090000797","주엽고등학교","04","공립","N","","12","309","25.8","12","334","27.8","11","277","25.2","2","15","7.5","0","0","0","37","935","25.3","72","13"
"경기도교육청","경기도고양교육지원청","경기도 고양시 일산서구","S090000798","경기영상과학고등학교","04","공립","N","","9","199","22.1","9","205","22.8","9","186","20.7","0","0","0","0","0","0","27","590","21.9","58","10.2"
"경기도교육청","경기도안성교육지원청","경기도 안성시","S090000800","죽산고등학교","04","공립","N","","4","69","17.3","4","63","15.8","3","32","10.7","1","3","3","0","0","0","12","167","13.9","25","6.7"
"경기도교육청","경기도용인교육지원청","경기도 용인시 수지구","S090000801","죽전고등학교","04","공립","N","","12","400","33.3","12","397","33.1","12","353","29.4","0","0","0","0","0","0","36","1150","31.9","70","16.4"
"경기도교육청","경기도고양교육지원청","경기도 고양시 일산동구","S090000802","중산고등학교","04","공립","N","","11","276","25.1","11","297","27","11","275","25","1","1","1","0","0","0","34","849","25","64","13.3"
"경기도교육청","경기도부천교육지원청","경기도 부천시 원미구","S090000803","중원고등학교","04","공립","N","","9","232","25.8","9","245","27.2","9","219","24.3","1","6","6","0","0","0","28","702","25.1","55","12.8"
"경기도교육청","경기도부천교육지원청","경기도 부천시 원미구","S090000804","중흥고등학교","04","공립","N","","9","225","25","9","248","27.6","9","236","26.2","1","7","7","0","0","0","28","716","25.6","56","12.8"
"경기도교육청","경기도양평교육지원청","경기도 양평군","S090000805","지평고등학교","04","공립","N","","2","44","22","2","42","21","2","38","19","1","7","7","0","0","0","7","131","18.7","18","7.3"
"경기도교육청","경기도구리남양주교육지원청","경기도 남양주시","S090000806","진건고등학교","04","공립","N","","12","371","30.9","12","376","31.3","12","321","26.8","2","17","8.5","0","0","0","38","1085","28.6","73","14.9"
"경기도교육청","경기도광명교육지원청","경기도 광명시","S090000807","진성고등학교","04","사립","N","","10","241","24.1","10","246","24.6","10","233","23.3","0","0","0","0","0","0","30","720","24","59","12.2"
"경기도교육청","경기도평택교육지원청","경기도 평택시","S090000810","진위고등학교","04","사립","N","","9","207","23","7","147","21","8","143","17.9","0","0","0","0","0","0","24","497","20.7","48","10.4"
"경기도교육청","경기도여주교육지원청","경기도 여주시","S090000811","경기관광고등학교","04","사립","N","","4","90","22.5","4","94","23.5","4","76","19","0","0","0","0","0","0","12","260","21.7","25","10.4"
"경기도교육청","경기도수원교육지원청","경기도 수원시 팔달구","S090000812","창현고등학교","04","사립","N","","14","376","26.9","14","382","27.3","14","341","24.4","0","0","0","0","0","0","42","1099","26.2","82","13.4"
"경기도교육청","경기도평택교육지원청","경기도 평택시","S090000813","청담고등학교","04","사립","N","","9","194","21.6","9","185","20.6","9","181","20.1","0","0","0","0","0","0","27","560","20.7","58","9.7"
"경기도교육청","경기도수원교육지원청","경기도 수원시 영통구","S090000815","청명고등학교","04","공립","N","","12","331","27.6","12","350","29.2","12","295","24.6","2","14","7","0","0","0","38","990","26.1","73","13.6"
"경기도교육청","경기도양평교육지원청","경기도 양평군","S090000816","청운고등학교","04","공립","N","","1","26","26","1","15","15","1","23","23","0","0","0","0","0","0","3","64","21.3","11","5.8"
"경기도교육청","경기도가평교육지원청","경기도 가평군","S090000817","청평고등학교","04","공립","N","","4","57","14.3","4","74","18.5","4","70","17.5","1","2","2","1","1","1","14","204","14.6","31","6.6"
"경기도교육청","경기도구리남양주교육지원청","경기도 남양주시","S090000818","청학고등학교","04","공립","N","","6","134","22.3","8","184","23","8","179","22.4","0","0","0","0","0","0","22","497","22.6","43","11.6"
"경기도교육청","경기도안산교육지원청","경기도 안산시 단원구","S090000819","초지고등학교","04","공립","N","","10","240","24","11","265","24.1","10","218","21.8","1","7","7","0","0","0","32","730","22.8","63","11.6"
"경기도교육청","경기도광명교육지원청","경기도 광명시","S090000820","충현고등학교","04","공립","N","","10","270","27","10","270","27","10","252","25.2","0","0","0","0","0","0","30","792","26.4","60","13.2"
"경기도교육청","경기도평택교육지원청","경기도 평택시","S090000821","태광고등학교","04","사립","N","","10","317","31.7","10","313","31.3","9","248","27.6","0","0","0","0","0","0","29","878","30.3","56","15.7"
"경기도교육청","경기도용인교육지원청","경기도 용인시 처인구","S090000822","태성고등학교","04","사립","N","","9","268","29.8","9","268","29.8","9","231","25.7","0","0","0","0","0","0","27","767","28.4","54","14.2"
"경기도교육청","경기도성남교육지원청","경기도 성남시 분당구","S090000823","태원고등학교","04","사립","N","","12","341","28.4","12","332","27.7","12","323","26.9","0","0","0","0","0","0","36","996","27.7","69","14.4"
"경기도교육청","경기도수원교육지원청","경기도 수원시 영통구","S090000824","태장고등학교","04","공립","N","","12","330","27.5","12","352","29.3","12","308","25.7","2","16","8","0","0","0","38","1006","26.5","74","13.6"
"경기도교육청","경기도구리남양주교육지원청","경기도 구리시","S090000825","토평고등학교","04","공립","N","","8","209","26.1","9","241","26.8","8","202","25.3","2","11","5.5","0","0","0","27","663","24.6","51","13"
"경기도교육청","경기도김포교육지원청","경기도 김포시","S090000826","통진고등학교","04","사립","N","","11","335","30.5","10","303","30.3","10","274","27.4","1","7","7","0","0","0","32","919","28.7","63","14.6"
"경기도교육청","경기도구리남양주교육지원청","경기도 남양주시","S090000827","퇴계원고등학교","04","공립","N","","12","306","25.5","12","363","30.3","12","315","26.3","1","10","10","0","0","0","37","994","26.9","74","13.4"
"경기도교육청","경기도파주교육지원청","경기도 파주시","S090000829","세경고등학교","04","사립","N","","10","251","25.1","10","247","24.7","10","248","24.8","0","0","0","0","0","0","30","746","24.9","62","12"
"경기도교육청","경기도파주교육지원청","경기도 파주시","S090000831","파주여자고등학교","04","사립","N","","8","146","18.3","8","188","23.5","8","147","18.4","0","0","0","0","0","0","24","481","20","49","9.8"
"경기도교육청","경기도파주교육지원청","경기도 파주시","S090000832","파주고등학교","04","사립","N","","5","130","26","5","126","25.2","5","103","20.6","0","0","0","0","0","0","15","359","23.9","29","12.4"
"경기도교육청","경기도수원교육지원청","경기도 수원시 영통구","S090000833","수원하이텍고등학교","04","공립","N","","8","143","17.9","8","150","18.8","8","134","16.8","0","0","0","0","0","0","24","427","17.8","54","7.9"
"경기도교육청","경기도안양과천교육지원청","경기도 안양시 동안구","S090000834","평촌고등학교","04","공립","N","","13","363","27.9","13","366","28.2","13","365","28.1","3","20","6.7","0","0","0","42","1114","26.5","78","14.3"
"경기도교육청","경기도안양과천교육지원청","경기도 안양시 동안구","S090000835","평촌과학기술고등학교","04","공립","N","","8","127","15.9","7","96","13.7","7","92","13.1","1","8","8","0","0","0","23","323","14","53","6.1"
"경기도교육청","경기도안양과천교육지원청","경기도 안양시 동안구","S090000836","평촌경영고등학교","04","공립","N","","12","198","16.5","12","223","18.6","12","197","16.4","3","16","5.3","0","0","0","39","634","16.3","87","7.3"
"경기도교육청","경기도평택교육지원청","경기도 평택시","S090000837","평택고등학교","04","공립","N","","10","321","32.1","10","311","31.1","10","285","28.5","2","15","7.5","0","0","0","32","932","29.1","63","14.8"
"경기도교육청","경기도평택교육지원청","경기도 평택시","S090000838","평택마이스터고등학교","04","공립","N","","8","143","17.9","8","154","19.3","8","143","17.9","2","15","7.5","0","0","0","26","455","17.5","62","7.3"
"경기도교육청","경기도평택교육지원청","경기도 평택시","S090000840","평택여자고등학교","04","공립","N","","12","375","31.3","12","364","30.3","12","336","28","2","14","7","0","0","0","38","1089","28.7","74","14.7"
"경기도교육청","경기도포천교육지원청","경기도 포천시","S090000841","포천고등학교","04","공립","N","","9","196","21.8","9","215","23.9","9","180","20","2","11","5.5","2","10","5","31","612","19.7","57","10.7"
"경기도교육청","경기도포천교육지원청","경기도 포천시","S090000843","포천일고등학교","04","공립","N","","11","202","18.4","11","196","17.8","11","180","16.4","2","12","6","0","0","0","35","590","16.9","70","8.4"
"경기도교육청","경기도용인교육지원청","경기도 용인시 수지구","S090000844","풍덕고등학교","04","공립","N","","12","421","35.1","14","484","34.6","14","445","31.8","1","5","5","0","0","0","41","1355","33","82","16.5"
"경기도교육청","경기도성남교육지원청","경기도 성남시 수정구","S090000847","풍생고등학교","04","사립","N","","10","236","23.6","10","254","25.4","10","214","21.4","0","0","0","0","0","0","30","704","23.5","60","11.7"
"경기도교육청","경기도광주하남교육지원청","경기도 하남시","S090000848","하남고등학교","04","사립","N","","10","327","32.7","10","305","30.5","10","275","27.5","0","0","0","0","0","0","30","907","30.2","58","15.6"
"경기도교육청","경기도광주하남교육지원청","경기도 하남시","S090000849","하남경영고등학교","04","공립","N","","10","144","14.4","9","162","18","10","152","15.2","2","9","4.5","0","0","0","31","467","15.1","65","7.2"
"경기도교육청","경기도김포교육지원청","경기도 김포시","S090000850","하성고등학교","04","공립","N","","5","120","24","5","85","17","5","75","15","0","0","0","0","0","0","15","280","18.7","30","9.3"
"경기도교육청","경기도평택교육지원청","경기도 평택시","S090000851","한광고등학교","04","사립","N","","10","328","32.8","10","331","33.1","10","301","30.1","0","0","0","0","0","0","30","960","32","58","16.6"
"경기도교육청","경기도평택교육지원청","경기도 평택시","S090000852","한광여자고등학교","04","사립","N","","11","366","33.3","11","352","32","11","315","28.6","0","0","0","0","0","0","33","1033","31.3","64","16.1"
"경기도교육청","경기도평택교육지원청","경기도 평택시","S090000853","한국관광고등학교","04","사립","N","","3","77","25.7","3","73","24.3","3","44","14.7","0","0","0","0","0","0","9","194","21.6","20","9.7"
"경기도교육청","경기도이천교육지원청","경기도 이천시","S090000854","한국도예고등학교","04","공립","N","","3","64","21.3","3","68","22.7","3","59","19.7","0","0","0","0","0","0","9","191","21.2","19","10.1"
"경기도교육청","경기도안산교육지원청","경기도 안산시 단원구","S090000855","한국디지털미디어고등학교","04","사립","N","","6","181","30.2","6","181","30.2","6","189","31.5","0","0","0","0","0","0","18","551","30.6","37","14.9"
"경기도교육청","경기도광주하남교육지원청","경기도 하남시","S090000856","한국애니메이션고등학교","04","공립","N","","4","99","24.8","4","104","26","4","88","22","0","0","0","0","0","0","12","291","24.3","31","9.4"
"경기도교육청","경기도시흥교육지원청","경기도 시흥시","S090000857","한국조리과학고등학교","04","사립","N","","6","215","35.8","6","218","36.3","6","207","34.5","0","0","0","0","0","0","18","640","35.6","34","18.8"
"경기도교육청","경기도성남교육지원청","경기도 성남시 분당구","S090000858","한솔고등학교","04","공립","N","","10","267","26.7","10","284","28.4","10","238","23.8","1","7","7","0","0","0","31","796","25.7","60","13.3"
"경기도교육청","경기도시흥교육지원청","경기도 시흥시","S090000859","경기자동차과학고등학교","04","사립","N","","8","191","23.9","8","192","24","8","171","21.4","0","0","0","0","0","0","24","554","23.1","57","9.7"
"경기도교육청","경기도시흥교육지원청","경기도 시흥시","S090000862","함현고등학교","04","공립","N","","10","339","33.9","10","338","33.8","10","311","31.1","2","15","7.5","0","0","0","32","1003","31.3","62","16.2"
"경기도교육청","경기도고양교육지원청","경기도 고양시 덕양구","S090000863","행신고등학교","04","공립","N","","11","263","23.9","11","265","24.1","10","228","22.8","1","5","5","0","0","0","33","761","23.1","63","12.1"
"경기도교육청","경기도의정부교육지원청","경기도 의정부시","S090000865","호원고등학교","04","공립","N","","10","254","25.4","10","276","27.6","10","254","25.4","2","11","5.5","1","4","4","33","799","24.2","66","12.1"
"경기도교육청","경기도화성오산교육지원청","경기도 화성시","S090000867","화성고등학교","04","사립","N","","9","311","34.6","9","299","33.2","9","286","31.8","0","0","0","0","0","0","27","896","33.2","53","16.9"
"경기도교육청","경기도고양교육지원청","경기도 고양시 덕양구","S090000868","화수고등학교","04","공립","N","","11","267","24.3","11","276","25.1","11","261","23.7","2","9","4.5","0","0","0","35","813","23.2","66","12.3"
"경기도교육청","경기도고양교육지원청","경기도 고양시 덕양구","S090000869","화정고등학교","04","공립","N","","11","270","24.5","11","277","25.2","11","259","23.5","1","3","3","0","0","0","34","809","23.8","65","12.4"
"경기도교육청","경기도수원교육지원청","경기도 수원시 권선구","S090000870","화홍고등학교","04","공립","N","","12","324","27","12","335","27.9","12","281","23.4","0","0","0","0","0","0","36","940","26.1","70","13.4"
"경기도교육청","경기도평택교육지원청","경기도 평택시","S090000871","효명고등학교","04","사립","N","","10","339","33.9","10","321","32.1","10","289","28.9","0","0","0","0","0","0","30","949","31.6","59","16.1"
"경기도교육청","경기도성남교육지원청","경기도 성남시 수정구","S090000872","효성고등학교","04","사립","N","","9","194","21.6","9","199","22.1","9","161","17.9","0","0","0","0","0","0","27","554","20.5","53","10.5"
"경기도교육청","경기도수원교육지원청","경기도 수원시 영통구","S090000873","효원고등학교","04","공립","N","","13","348","26.8","13","370","28.5","13","324","24.9","0","0","0","0","0","0","39","1042","26.7","75","13.9"
"경기도교육청","경기도군포의왕교육지원청","경기도 군포시","S090000874","흥진고등학교","04","공립","N","","12","332","27.7","12","332","27.7","12","315","26.3","2","10","5","0","0","0","38","989","26","73","13.5"
"경기도교육청","경기도성남교육지원청","경기도 성남시 분당구","S090004768","돌마고등학교","04","공립","N","","9","233","25.9","9","238","26.4","9","219","24.3","2","13","6.5","0","0","0","29","703","24.2","55","12.8"
"경기도교육청","경기도의정부교육지원청","경기도 의정부시","S090004831","부용고등학교","04","공립","N","","11","302","27.5","11","302","27.5","10","247","24.7","1","7","7","0","0","0","33","858","26","64","13.4"
"경기도교육청","경기도부천교육지원청","경기도 부천시 원미구","S090004832","경기예술고등학교","04","공립","N","","6","234","39","6","214","35.7","6","217","36.2","0","0","0","0","0","0","18","665","36.9","38","17.5"
"경기도교육청","경기도안산교육지원청","경기도 안산시 상록구","S090004833","송호고등학교","04","공립","N","","11","289","26.3","12","318","26.5","11","268","24.4","1","6","6","0","0","0","35","881","25.2","68","13"
"경기도교육청","경기도시흥교육지원청","경기도 시흥시","S090004834","시흥고등학교","04","공립","N","","11","341","31","11","338","30.7","11","301","27.4","2","8","4","0","0","0","35","988","28.2","68","14.5"
"경기도교육청","경기도화성오산교육지원청","경기도 오산시","S090004835","운천고등학교","04","공립","N","","10","342","34.2","10","305","30.5","10","285","28.5","2","9","4.5","1","2","2","33","943","28.6","63","15"
"경기도교육청","경기도용인교육지원청","경기도 용인시 수지구","S090004893","서원고등학교","04","공립","N","","12","399","33.3","12","385","32.1","12","350","29.2","1","7","7","0","0","0","37","1141","30.8","74","15.4"
"경기도교육청","경기도수원교육지원청","경기도 수원시 장안구","S090004895","천천고등학교","04","공립","N","","10","272","27.2","10","282","28.2","10","242","24.2","1","9","9","1","2","2","32","807","25.2","61","13.2"
"경기도교육청","경기도수원교육지원청","경기도 수원시 장안구","S090004896","조원고등학교","04","공립","N","","10","276","27.6","10","276","27.6","10","257","25.7","2","12","6","0","0","0","32","821","25.7","61","13.5"
"경기도교육청","경기도성남교육지원청","경기도 성남시 분당구","S090004897","늘푸른고등학교","04","공립","N","","9","239","26.6","9","248","27.6","9","233","25.9","1","1","1","0","0","0","28","721","25.8","53","13.6"
"경기도교육청","경기도안양과천교육지원청","경기도 안양시 만안구","S090004898","충훈고등학교","04","공립","N","","10","245","24.5","10","262","26.2","10","219","21.9","2","13","6.5","0","0","0","32","739","23.1","62","11.9"
"경기도교육청","경기도부천교육지원청","경기도 부천시 원미구","S090004899","상일고등학교","04","공립","N","","9","223","24.8","9","218","24.2","9","204","22.7","0","0","0","0","0","0","27","645","23.9","52","12.4"
"경기도교육청","경기도부천교육지원청","경기도 부천시 소사구","S090004900","송내고등학교","04","공립","N","","9","230","25.6","9","250","27.8","9","218","24.2","0","0","0","0","0","0","27","698","25.9","53","13.2"
"경기도교육청","경기도용인교육지원청","경기도 용인시 기흥구","S090004901","구성고등학교","04","공립","N","","11","333","30.3","11","343","31.2","10","278","27.8","2","13","6.5","1","4","4","35","971","27.7","65","14.9"
"경기도교육청","경기도수원교육지원청","경기도 수원시 영통구","S090004902","매탄고등학교","04","공립","N","","12","333","27.8","12","364","30.3","12","308","25.7","2","13","6.5","1","4","4","39","1022","26.2","73","14"
"경기도교육청","경기도안양과천교육지원청","경기도 안양시 동안구","S090004905","인덕원고등학교","04","공립","N","","11","284","25.8","11","278","25.3","11","280","25.5","0","0","0","0","0","0","33","842","25.5","64","13.2"
"경기도교육청","경기도부천교육지원청","경기도 부천시 소사구","S090004906","범박고등학교","04","공립","N","","10","275","27.5","10","274","27.4","9","220","24.4","2","12","6","0","0","0","31","781","25.2","60","13"
"경기도교육청","경기도동두천양주교육지원청","경기도 양주시","S090004908","덕계고등학교","04","공립","N","","8","247","30.9","8","244","30.5","8","223","27.9","2","13","6.5","0","0","0","26","727","28","50","14.5"
"경기도교육청","경기도안산교육지원청","경기도 안산시 단원구","S090004909","단원고등학교","04","공립","N","","10","239","23.9","10","250","25","10","215","21.5","4","29","7.3","1","4","4","35","737","21.1","64","11.5"
"경기도교육청","경기도시흥교육지원청","경기도 시흥시","S090004910","군서고등학교","04","공립","N","","11","356","32.4","11","345","31.4","11","324","29.5","2","16","8","0","0","0","35","1041","29.7","67","15.5"
"경기도교육청","경기도고양교육지원청","경기도 고양시 일산동구","S090004912","풍동고등학교","04","공립","N","","10","259","25.9","10","271","27.1","10","241","24.1","1","7","7","0","0","0","31","778","25.1","60","13"
"경기도교육청","경기도구리남양주교육지원청","경기도 남양주시","S090004914","도농고등학교","04","공립","N","","10","315","31.5","11","330","30","10","268","26.8","1","7","7","1","3","3","33","923","28","62","14.9"
"경기도교육청","경기도구리남양주교육지원청","경기도 남양주시","S090004915","평내고등학교","04","공립","N","","10","332","33.2","10","316","31.6","10","288","28.8","2","14","7","0","0","0","32","950","29.7","61","15.6"
"경기도교육청","경기도광주하남교육지원청","경기도 하남시","S090004916","신장고등학교","04","공립","N","","10","309","30.9","10","285","28.5","8","225","28.1","2","8","4","0","0","0","30","827","27.6","61","13.6"
"경기도교육청","경기도이천교육지원청","경기도 이천시","S090004917","효양고등학교","04","공립","N","","10","273","27.3","10","271","27.1","10","243","24.3","3","18","6","0","0","0","33","805","24.4","63","12.8"
"경기도교육청","경기도용인교육지원청","경기도 용인시 기흥구","S090004918","보정고등학교","04","공립","N","","10","307","30.7","12","394","32.8","12","347","28.9","2","12","6","0","0","0","36","1060","29.4","69","15.4"
"경기도교육청","경기도김포교육지원청","경기도 김포시","S090004919","풍무고등학교","04","공립","N","","11","373","33.9","13","440","33.8","12","390","32.5","1","8","8","0","0","0","37","1211","32.7","72","16.8"
"경기도교육청","경기도화성오산교육지원청","경기도 화성시","S090004920","병점고등학교","04","공립","N","","10","350","35","10","315","31.5","10","325","32.5","2","16","8","0","0","0","32","1006","31.4","61","16.5"
"경기도교육청","경기도파주교육지원청","경기도 파주시","S090004921","봉일천고등학교","04","공립","N","","10","271","27.1","10","289","28.9","10","231","23.1","2","12","6","0","0","0","32","803","25.1","62","13"
"경기도교육청","경기도파주교육지원청","경기도 파주시","S090004922","교하고등학교","04","공립","N","","10","338","33.8","12","389","32.4","10","330","33","2","16","8","0","0","0","34","1073","31.6","66","16.3"
"경기도교육청","경기도의정부교육지원청","경기도 의정부시","S090004923","상우고등학교","04","사립","N","","10","266","26.6","10","290","29","10","257","25.7","1","8","8","0","0","0","31","821","26.5","61","13.5"
"경기도교육청","경기도성남교육지원청","경기도 성남시 분당구","S090004945","이우고등학교","04","사립","N","","4","80","20","4","79","19.8","4","73","18.3","0","0","0","0","0","0","12","232","19.3","33","7"
"경기도교육청","경기도군포의왕교육지원청","경기도 의왕시","S090005040","경기외국어고등학교","04","사립","N","","8","199","24.9","8","204","25.5","8","170","21.3","0","0","0","0","0","0","24","573","23.9","60","9.6"
"경기도교육청","경기도의정부교육지원청","경기도 의정부시","S090005167","경기북과학고등학교","04","공립","N","","5","99","19.8","5","101","20.2","5","72","14.4","0","0","0","0","0","0","15","272","18.1","45","6"
"경기도교육청","경기도동두천양주교육지원청","경기도 동두천시","S090005168","동두천외국어고등학교","04","공립","N","","8","196","24.5","8","176","22","7","123","17.6","0","0","0","0","0","0","23","495","21.5","56","8.8"
"경기도교육청","경기도파주교육지원청","경기도 파주시","S090005169","금촌고등학교","04","공립","N","","12","328","27.3","12","358","29.8","12","311","25.9","3","18","6","1","3","3","40","1018","25.5","78","13.1"
"경기도교육청","경기도용인교육지원청","경기도 용인시 처인구","S090005170","용인한국외국어대학교부설고등학교","04","사립","N","","10","367","36.7","10","368","36.8","10","366","36.6","0","0","0","0","0","0","30","1101","36.7","76","14.5"
"경기도교육청","경기도동두천양주교육지원청","경기도 양주시","S090005280","양주백석고등학교","04","공립","N","","9","249","27.7","9","266","29.6","9","243","27","2","13","6.5","1","3","3","30","774","25.8","60","12.9"
"경기도교육청","경기도성남교육지원청","경기도 성남시 분당구","S090005282","성남외국어고등학교","04","공립","N","","8","215","26.9","8","196","24.5","8","193","24.1","0","0","0","0","0","0","24","604","25.2","59","10.2"
"경기도교육청","경기도안산교육지원청","경기도 안산시 상록구","S090005283","성포고등학교","04","공립","N","","11","288","26.2","11","282","25.6","11","269","24.5","2","14","7","0","0","0","35","853","24.4","68","12.5"
"경기도교육청","경기도수원교육지원청","경기도 수원시 영통구","S090005284","수원외국어고등학교","04","공립","N","","8","217","27.1","8","202","25.3","8","195","24.4","0","0","0","0","0","0","24","614","25.6","53","11.6"
"경기도교육청","경기도가평교육지원청","경기도 가평군","S090005286","청심국제고등학교","04","사립","N","","4","110","27.5","4","112","28","4","98","24.5","0","0","0","0","0","0","12","320","26.7","25","12.8"
"경기도교육청","경기도평택교육지원청","경기도 평택시","S090005290","현화고등학교","04","공립","N","","10","328","32.8","10","323","32.3","10","274","27.4","2","14","7","0","0","0","32","939","29.3","62","15.1"
"경기도교육청","경기도구리남양주교육지원청","경기도 남양주시","S090005291","호평고등학교","04","공립","N","","10","329","32.9","10","310","31","10","260","26","2","15","7.5","1","2","2","33","916","27.8","63","14.5"
"경기도교육청","경기도김포교육지원청","경기도 김포시","S090005292","김포외국어고등학교","04","사립","N","","8","190","23.8","8","203","25.4","8","157","19.6","0","0","0","0","0","0","24","550","22.9","42","13.1"
"경기도교육청","경기도용인교육지원청","경기도 용인시 기흥구","S090005319","용인백현고등학교","04","공립","N","","9","285","31.7","9","292","32.4","9","269","29.9","1","9","9","0","0","0","28","855","30.5","55","15.5"
"경기도교육청","경기도안성교육지원청","경기도 안성시","S090005320","한겨레고등학교","04","사립","N","","2","24","12","2","35","17.5","2","28","14","0","0","0","0","0","0","6","87","14.5","17","5.1"
"경기도교육청","경기도고양교육지원청","경기도 고양시 일산서구","S090005380","가좌고등학교","04","공립","N","","11","276","25.1","11","296","26.9","11","257","23.4","1","2","2","0","0","0","34","831","24.4","65","12.8"
"경기도교육청","경기도동두천양주교육지원청","경기도 양주시","S090005381","양주고등학교","04","공립","N","","8","233","29.1","8","244","30.5","8","213","26.6","1","9","9","0","0","0","25","699","28","49","14.3"
"경기도교육청","경기도포천교육지원청","경기도 포천시","S090005382","송우고등학교","04","공립","N","","10","221","22.1","10","241","24.1","10","229","22.9","3","21","7","0","0","0","33","712","21.6","62","11.5"
"경기도교육청","경기도부천교육지원청","경기도 부천시 원미구","S090005399","상원고등학교","04","공립","N","","9","224","24.9","9","245","27.2","9","213","23.7","0","0","0","0","0","0","27","682","25.3","53","12.9"
"경기도교육청","경기도고양교육지원청","경기도 고양시 덕양구","S090005413","성사고등학교","04","공립","N","","10","248","24.8","10","242","24.2","10","225","22.5","1","7","7","1","3","3","32","725","22.7","60","12.1"
"경기도교육청","경기도용인교육지원청","경기도 용인시 기흥구","S090005414","성지고등학교","04","공립","N","","12","368","30.7","12","396","33","12","345","28.8","1","9","9","0","0","0","37","1118","30.2","74","15.1"
"경기도교육청","경기도용인교육지원청","경기도 용인시 수지구","S090005415","현암고등학교","04","공립","N","","8","223","27.9","8","203","25.4","8","185","23.1","0","0","0","0","0","0","24","611","25.5","46","13.3"
"경기도교육청","경기도용인교육지원청","경기도 용인시 수지구","S090005416","용인홍천고등학교","04","공립","N","","12","392","32.7","13","419","32.2","13","365","28.1","2","15","7.5","0","0","0","40","1191","29.8","76","15.7"
"경기도교육청","경기도의정부교육지원청","경기도 의정부시","S090005417","효자고등학교","04","공립","N","","10","262","26.2","10","292","29.2","10","248","24.8","3","20","6.7","0","0","0","33","822","24.9","63","13"
"경기도교육청","경기도고양교육지원청","경기도 고양시 일산서구","S090005418","고양예술고등학교","04","사립","N","","7","265","37.9","7","258","36.9","7","256","36.6","0","0","0","0","0","0","21","779","37.1","45","17.3"
"경기도교육청","경기도용인교육지원청","경기도 용인시 수지구","S090005458","대지고등학교","04","공립","N","","10","331","33.1","10","343","34.3","10","292","29.2","1","8","8","0","0","0","31","974","31.4","60","16.2"
"경기도교육청","경기도화성오산교육지원청","경기도 화성시","S090005459","동탄고등학교","04","공립","N","","10","354","35.4","13","430","33.1","10","324","32.4","1","9","9","0","0","0","34","1117","32.9","65","17.2"
"경기도교육청","경기도화성오산교육지원청","경기도 화성시","S090005460","안화고등학교","04","공립","N","","10","348","34.8","11","380","34.5","10","326","32.6","2","17","8.5","0","0","0","33","1071","32.5","65","16.5"
"경기도교육청","경기도화성오산교육지원청","경기도 오산시","S090005461","운암고등학교","04","공립","N","","8","269","33.6","8","244","30.5","8","226","28.3","1","7","7","0","0","0","25","746","29.8","49","15.2"
"경기도교육청","경기도용인교육지원청","경기도 용인시 기흥구","S090005488","동백고등학교","04","공립","N","","10","316","31.6","10","321","32.1","10","294","29.4","1","9","9","0","0","0","31","940","30.3","60","15.7"
"경기도교육청","경기도수원교육지원청","경기도 수원시 영통구","S090005576","망포고등학교","04","공립","N","","10","280","28","10","290","29","10","255","25.5","1","9","9","0","0","0","31","834","26.9","61","13.7"
"경기도교육청","경기도수원교육지원청","경기도 수원시 영통구","S090005577","매원고등학교","04","공립","N","","11","294","26.7","11","311","28.3","11","269","24.5","1","6","6","1","1","1","35","881","25.2","66","13.3"
"경기도교육청","경기도화성오산교육지원청","경기도 화성시","S090005578","반송고등학교","04","공립","N","","10","353","35.3","11","359","32.6","10","325","32.5","0","0","0","0","0","0","31","1037","33.5","59","17.6"
"경기도교육청","경기도화성오산교육지원청","경기도 화성시","S090005579","봉담고등학교","04","공립","N","","8","290","36.3","8","282","35.3","8","280","35","3","21","7","0","0","0","27","873","32.3","51","17.1"
"경기도교육청","경기도화성오산교육지원청","경기도 화성시","S090005580","예당고등학교","04","공립","N","","10","350","35","11","364","33.1","10","313","31.3","1","9","9","0","0","0","32","1036","32.4","63","16.4"
"경기도교육청","경기도부천교육지원청","경기도 부천시 오정구","S090005581","수주고등학교","04","공립","N","","7","155","22.1","8","204","25.5","8","174","21.8","3","15","5","0","0","0","26","548","21.1","48","11.4"
"경기도교육청","경기도고양교육지원청","경기도 고양시 덕양구","S090005599","고양일고등학교","04","공립","N","","8","193","24.1","8","194","24.3","7","161","23","2","8","4","0","0","0","25","556","22.2","48","11.6"
"경기도교육청","경기도고양교육지원청","경기도 고양시 일산동구","S090005600","안곡고등학교","04","공립","N","","12","303","25.3","12","329","27.4","12","293","24.4","1","6","6","1","3","3","38","934","24.6","73","12.8"
"경기도교육청","경기도구리남양주교육지원청","경기도 남양주시","S090005601","와부고등학교","04","공립","N","","8","258","32.3","8","250","31.3","8","224","28","3","16","5.3","0","0","0","27","748","27.7","52","14.4"
"경기도교육청","경기도수원교육지원청","경기도 수원시 권선구","S090005653","고색고등학교","04","공립","N","","10","256","25.6","10","238","23.8","10","247","24.7","1","6","6","0","0","0","31","747","24.1","60","12.5"
"경기도교육청","경기도화성오산교육지원청","경기도 화성시","S090005655","나루고등학교","04","공립","N","","8","278","34.8","8","289","36.1","8","243","30.4","0","0","0","0","0","0","24","810","33.8","48","16.9"
"경기도교육청","경기도용인교육지원청","경기도 용인시 기흥구","S090005656","보라고등학교","04","공립","N","","9","286","31.8","9","297","33","9","282","31.3","3","16","5.3","0","0","0","30","881","29.4","58","15.2"
"경기도교육청","경기도용인교육지원청","경기도 용인시 기흥구","S090005658","초당고등학교","04","공립","N","","11","335","30.5","11","347","31.5","10","283","28.3","0","0","0","0","0","0","32","965","30.2","61","15.8"
"경기도교육청","경기도성남교육지원청","경기도 성남시 수정구","S090005659","복정고등학교","04","공립","N","","8","184","23","8","190","23.8","8","172","21.5","0","0","0","0","0","0","24","546","22.8","46","11.9"
"경기도교육청","경기도용인교육지원청","경기도 용인시 처인구","S090005660","포곡고등학교","04","공립","N","","11","334","30.4","11","346","31.5","10","281","28.1","2","13","6.5","2","7","3.5","36","981","27.3","67","14.6"
"경기도교육청","경기도화성오산교육지원청","경기도 화성시","S090005663","향남고등학교","04","공립","N","","9","292","32.4","8","274","34.3","8","257","32.1","2","13","6.5","0","0","0","27","836","31","52","16.1"
"경기도교육청","경기도용인교육지원청","경기도 용인시 기흥구","S090005664","청덕고등학교","04","공립","N","","11","310","28.2","11","350","31.8","10","289","28.9","2","11","5.5","0","0","0","34","960","28.2","65","14.8"
"경기도교육청","경기도시흥교육지원청","경기도 시흥시","S090005665","시흥능곡고등학교","04","공립","N","","10","314","31.4","10","302","30.2","10","258","25.8","2","11","5.5","0","0","0","32","885","27.7","64","13.8"
"경기도교육청","경기도시흥교육지원청","경기도 시흥시","S090005666","시흥매화고등학교","04","공립","N","","8","194","24.3","8","214","26.8","8","176","22","1","6","6","0","0","0","25","590","23.6","48","12.3"
"경기도교육청","경기도의정부교육지원청","경기도 의정부시","S090005667","발곡고등학교","04","공립","N","","10","252","25.2","10","271","27.1","10","241","24.1","2","15","7.5","0","0","0","32","779","24.3","61","12.8"
"경기도교육청","경기도시흥교육지원청","경기도 시흥시","S090005668","신천고등학교","04","공립","N","","10","292","29.2","10","281","28.1","10","249","24.9","2","14","7","0","0","0","32","836","26.1","61","13.7"
"경기도교육청","경기도안산교육지원청","경기도 안산시 단원구","S090005669","선부고등학교","04","공립","N","","11","257","23.4","11","250","22.7","11","221","20.1","3","22","7.3","0","0","0","36","750","20.8","67","11.2"
"경기도교육청","경기도구리남양주교육지원청","경기도 남양주시","S090005670","오남고등학교","04","공립","N","","12","383","31.9","12","380","31.7","12","353","29.4","3","25","8.3","0","0","0","39","1141","29.3","75","15.2"
"경기도교육청","경기도군포의왕교육지원청","경기도 의왕시","S090005671","의왕고등학교","04","공립","N","","8","199","24.9","8","197","24.6","8","194","24.3","2","8","4","0","0","0","26","598","23","51","11.7"
"경기도교육청","경기도평택교육지원청","경기도 평택시","S090005672","이충고등학교","04","공립","N","","10","327","32.7","10","323","32.3","10","291","29.1","3","20","6.7","0","0","0","33","961","29.1","64","15"
"경기도교육청","경기도김포교육지원청","경기도 김포시","S090005673","장기고등학교","04","공립","N","","12","405","33.8","12","397","33.1","10","334","33.4","2","14","7","1","2","2","37","1152","31.1","70","16.5"
"경기도교육청","경기도안산교육지원청","경기도 안산시 단원구","S090005674","신길고등학교","04","공립","N","","11","268","24.4","11","265","24.1","11","237","21.5","1","9","9","0","0","0","34","779","22.9","65","12"
"경기도교육청","경기도광주하남교육지원청","경기도 광주시","S090005675","광남고등학교","04","공립","N","","10","330","33","10","342","34.2","10","292","29.2","2","11","5.5","0","0","0","32","975","30.5","66","14.8"
"경기도교육청","경기도안산교육지원청","경기도 안산시 상록구","S090005676","광덕고등학교","04","공립","N","","10","254","25.4","10","254","25.4","10","224","22.4","1","2","2","0","0","0","31","734","23.7","60","12.2"
"경기도교육청","경기도용인교육지원청","경기도 용인시 기흥구","S090005677","흥덕고등학교","04","공립","N","","10","311","31.1","9","284","31.6","9","227","25.2","1","3","3","0","0","0","29","825","28.4","55","15"
"경기도교육청","경기도동두천양주교육지원청","경기도 양주시","S090005796","덕현고등학교","04","공립","N","","10","314","31.4","12","367","30.6","12","331","27.6","1","9","9","0","0","0","35","1021","29.2","69","14.8"
"경기도교육청","경기도고양교육지원청","경기도 고양시 덕양구","S090005797","서정고등학교","04","공립","N","","11","260","23.6","11","244","22.2","10","226","22.6","2","9","4.5","0","0","0","34","739","21.7","64","11.5"
"경기도교육청","경기도광명교육지원청","경기도 광명시","S090005798","운산고등학교","04","공립","N","","10","278","27.8","10","276","27.6","10","243","24.3","2","15","7.5","0","0","0","32","812","25.4","62","13.1"
"경기도교육청","경기도파주교육지원청","경기도 파주시","S090005799","운정고등학교","04","공립","N","","12","405","33.8","14","440","31.4","12","385","32.1","0","0","0","0","0","0","38","1230","32.4","75","16.4"
"경기도교육청","경기도구리남양주교육지원청","경기도 남양주시","S090005800","마석고등학교","04","공립","N","","11","367","33.4","11","353","32.1","11","312","28.4","3","21","7","1","1","1","37","1054","28.5","68","15.5"
"경기도교육청","경기도안산교육지원청","경기도 안산시 상록구","S090005801","상록고등학교","04","공립","N","","11","292","26.5","12","321","26.8","11","280","25.5","3","20","6.7","0","0","0","37","913","24.7","70","13"
"경기도교육청","경기도구리남양주교육지원청","경기도 남양주시","S090005803","진접고등학교","04","공립","N","","12","390","32.5","12","387","32.3","12","342","28.5","3","24","8","0","0","0","39","1143","29.3","76","15"
"경기도교육청","경기도평택교육지원청","경기도 평택시","S090005804","청북고등학교","04","공립","N","","10","321","32.1","10","311","31.1","9","259","28.8","1","7","7","0","0","0","30","898","29.9","59","15.2"
"경기도교육청","경기도화성오산교육지원청","경기도 오산시","S090005806","세마고등학교","04","공립","N","","10","336","33.6","10","332","33.2","10","284","28.4","1","8","8","0","0","0","31","960","31","60","16"
"경기도교육청","경기도화성오산교육지원청","경기도 화성시","S090005808","능동고등학교","04","공립","N","","8","278","34.8","10","345","34.5","8","268","33.5","1","9","9","0","0","0","27","900","33.3","52","17.3"
"경기도교육청","경기도김포교육지원청","경기도 김포시","S090005811","마송고등학교","04","공립","N","","8","212","26.5","8","176","22","8","161","20.1","1","9","9","1","2","2","26","560","21.5","49","11.4"
"경기도교육청","경기도군포의왕교육지원청","경기도 의왕시","S090005815","모락고등학교","04","공립","N","","8","196","24.5","8","201","25.1","8","192","24","2","13","6.5","0","0","0","26","602","23.2","50","12"
"경기도교육청","경기도광주하남교육지원청","경기도 광주시","S090005820","경화여자English Business고등학교","04","사립","N","","5","113","22.6","5","94","18.8","5","100","20","0","0","0","0","0","0","15","307","20.5","33","9.3"
"경기도교육청","경기도안성교육지원청","경기도 안성시","S090005831","경기창조고등학교","04","공립","N","","10","337","33.7","10","335","33.5","10","295","29.5","3","24","8","1","2","2","34","993","29.2","65","15.3"
"경기도교육청","경기도성남교육지원청","경기도 성남시 분당구","S090005836","보평고등학교","04","공립","N","","8","209","26.1","8","215","26.9","8","198","24.8","1","9","9","0","0","0","25","631","25.2","50","12.6"
"경기도교육청","경기도성남교육지원청","경기도 성남시 분당구","S090005844","운중고등학교","04","공립","N","","8","214","26.8","8","224","28","8","220","27.5","1","8","8","0","0","0","25","666","26.6","48","13.9"
"경기도교육청","경기도구리남양주교육지원청","경기도 남양주시","S090005898","가운고등학교","04","공립","N","","11","335","30.5","11","327","29.7","11","301","27.4","1","6","6","0","0","0","34","969","28.5","66","14.7"
"경기도교육청","경기도파주교육지원청","경기도 파주시","S090005899","동패고등학교","04","공립","N","","12","400","33.3","14","441","31.5","12","390","32.5","2","11","5.5","0","0","0","40","1242","31.1","77","16.1"
"경기도교육청","경기도부천교육지원청","경기도 부천시 원미구","S090005900","역곡고등학교","04","공립","N","","6","151","25.2","6","163","27.2","6","145","24.2","1","7","7","0","0","0","19","466","24.5","38","12.3"
"경기도교육청","경기도성남교육지원청","경기도 성남시 분당구","S090005901","판교고등학교","04","공립","N","","8","204","25.5","8","204","25.5","8","171","21.4","1","3","3","0","0","0","25","582","23.3","48","12.1"
"경기도교육청","경기도화성오산교육지원청","경기도 오산시","S090005902","세교고등학교","04","공립","N","","10","333","33.3","10","330","33","10","286","28.6","2","10","5","0","0","0","32","959","30","62","15.5"
"경기도교육청","경기도용인교육지원청","경기도 용인시 기흥구","S090005903","서천고등학교","04","공립","N","","9","280","31.1","9","291","32.3","9","264","29.3","1","5","5","0","0","0","28","840","30","54","15.6"
"경기도교육청","경기도용인교육지원청","경기도 용인시 수지구","S090005904","성복고등학교","04","공립","N","","12","395","32.9","12","374","31.2","12","327","27.3","1","8","8","0","0","0","37","1104","29.8","71","15.5"
"경기도교육청","경기도고양교육지원청","경기도 고양시 일산서구","S090005905","대화고등학교","04","공립","N","","11","288","26.2","11","300","27.3","11","265","24.1","1","6","6","0","0","0","34","859","25.3","65","13.2"
"경기도교육청","경기도이천교육지원청","경기도 이천시","S090005906","이현고등학교","04","공립","N","","10","270","27","10","270","27","10","252","25.2","3","17","5.7","0","0","0","33","809","24.5","62","13"
"경기도교육청","경기도광주하남교육지원청","경기도 광주시","S090005908","초월고등학교","04","공립","N","","12","394","32.8","12","413","34.4","12","364","30.3","3","16","5.3","1","2","2","40","1189","29.7","75","15.9"
"경기도교육청","경기도화성오산교육지원청","경기도 화성시","S090005909","향일고등학교","04","공립","N","","8","286","35.8","8","276","34.5","8","258","32.3","2","14","7","0","0","0","26","834","32.1","52","16"
"경기도교육청","경기도구리남양주교육지원청","경기도 남양주시","S090005910","판곡고등학교","04","공립","N","","12","391","32.6","12","375","31.3","12","343","28.6","1","5","5","0","0","0","37","1114","30.1","71","15.7"
"경기도교육청","경기도수원교육지원청","경기도 수원시 영통구","S090005984","광교고등학교","04","공립","N","","10","271","27.1","10","280","28","10","261","26.1","1","7","7","0","0","0","31","819","26.4","61","13.4"
"경기도교육청","경기도수원교육지원청","경기도 수원시 팔달구","S090006514","율천고등학교","04","공립","N","","6","160","26.7","6","156","26","6","133","22.2","2","8","4","0","0","0","20","457","22.9","38","12"
"경기도교육청","경기도고양교육지원청","경기도 고양시 일산서구","S090006518","덕이고등학교","04","공립","N","","11","284","25.8","11","291","26.5","11","258","23.5","0","0","0","0","0","0","33","833","25.2","65","12.8"
"경기도교육청","경기도의정부교육지원청","경기도 의정부시","S090006519","송양고등학교","04","공립","N","","12","331","27.6","12","359","29.9","11","290","26.4","1","7","7","0","0","0","36","987","27.4","72","13.7"
"경기도교육청","경기도구리남양주교육지원청","경기도 남양주시","S090006520","별내고등학교","04","공립","N","","11","330","30","11","306","27.8","10","282","28.2","1","8","8","0","0","0","33","926","28.1","68","13.6"
"경기도교육청","경기도군포의왕교육지원청","경기도 군포시","S090006521","군포중앙고등학교","04","공립","N","","8","213","26.6","8","199","24.9","8","186","23.3","1","3","3","0","0","0","25","601","24","49","12.3"
"경기도교육청","경기도용인교육지원청","경기도 용인시 수지구","S090006522","상현고등학교","04","공립","N","","10","340","34","10","337","33.7","11","311","28.3","1","7","7","0","0","0","32","995","31.1","62","16"
"경기도교육청","경기도김포교육지원청","경기도 김포시","S090006523","솔터고등학교","04","공립","N","","10","345","34.5","12","403","33.6","10","337","33.7","1","9","9","0","0","0","33","1094","33.2","63","17.4"
"경기도교육청","경기도용인교육지원청","경기도 용인시 수지구","S090006525","신봉고등학교","04","공립","N","","12","394","32.8","12","399","33.3","12","357","29.8","1","4","4","0","0","0","37","1154","31.2","72","16"
"경기도교육청","경기도평택교육지원청","경기도 평택시","S090006539","비전고등학교","04","공립","N","","10","347","34.7","10","343","34.3","10","305","30.5","2","15","7.5","0","0","0","32","1010","31.6","63","16"
"경기도교육청","경기도안산교육지원청","경기도 안산시 상록구","S090006540","부곡고등학교","04","공립","N","","11","285","25.9","11","282","25.6","11","258","23.5","3","20","6.7","0","0","0","36","845","23.5","67","12.6"
"경기도교육청","경기도광주하남교육지원청","경기도 하남시","S090006541","풍산고등학교","04","공립","N","","8","254","31.8","8","248","31","8","220","27.5","1","5","5","0","0","0","25","727","29.1","49","14.8"
"경기도교육청","경기도수원교육지원청","경기도 수원시 권선구","S090006542","호매실고등학교","04","공립","N","","8","221","27.6","8","221","27.6","8","207","25.9","2","14","7","0","0","0","26","663","25.5","49","13.5"
"경기도교육청","경기도고양교육지원청","경기도 고양시 일산동구","S090006561","고양국제고등학교","04","공립","N","","8","204","25.5","8","191","23.9","8","196","24.5","0","0","0","0","0","0","24","591","24.6","63","9.4"
"경기도교육청","경기도고양교육지원청","경기도 고양시 일산동구","S090006562","저현고등학교","04","공립","N","","12","299","24.9","12","325","27.1","12","296","24.7","1","2","2","0","0","0","37","922","24.9","71","13"
"경기도교육청","경기도화성오산교육지원청","경기도 화성시","S090006577","동탄국제고등학교","04","공립","N","","8","204","25.5","8","196","24.5","8","183","22.9","0","0","0","0","0","0","24","583","24.3","61","9.6"
"경기도교육청","경기도고양교육지원청","경기도 고양시 덕양구","S090006624","고양동산고등학교","04","공립","N","","8","194","24.3","8","205","25.6","8","194","24.3","1","7","7","0","0","0","25","600","24","49","12.2"
"경기도교육청","경기도광명교육지원청","경기도 광명시","S090006645","광휘고등학교","04","공립","N","","10","266","26.6","10","278","27.8","10","259","25.9","1","7","7","0","0","0","31","810","26.1","63","12.9"
"경기도교육청","경기도화성오산교육지원청","경기도 화성시","S090006700","화성반월고등학교","04","공립","N","","10","350","35","10","341","34.1","9","306","34","0","0","0","1","5","5","30","1002","33.4","58","17.3"
"경기도교육청","경기도화성오산교육지원청","경기도 오산시","S090006701","매홀고등학교","04","공립","N","","10","326","32.6","10","325","32.5","11","299","27.2","1","7","7","0","0","0","32","957","29.9","62","15.4"
"경기도교육청","경기도수원교육지원청","경기도 수원시 권선구","S090006702","수원칠보고등학교","04","공립","N","","10","275","27.5","10","286","28.6","10","260","26","2","12","6","0","0","0","32","833","26","62","13.4"
"경기도교육청","경기도수원교육지원청","경기도 수원시 권선구","S090006703","곡정고등학교","04","공립","N","","10","273","27.3","10","290","29","10","251","25.1","1","7","7","0","0","0","31","821","26.5","61","13.5"
"경기도교육청","경기도김포교육지원청","경기도 김포시","S090006717","운양고등학교","04","공립","N","","10","342","34.2","12","407","33.9","10","342","34.2","1","1","1","0","0","0","33","1092","33.1","63","17.3"
"경기도교육청","경기도파주교육지원청","경기도 파주시","S090006763","한민고등학교","04","사립","N","","13","386","29.7","13","359","27.6","13","339","26.1","0","0","0","0","0","0","39","1084","27.8","76","14.3"
"경기도교육청","경기도고양교육지원청","경기도 고양시 덕양구","S090006764","도래울고등학교","04","공립","N","","9","218","24.2","9","217","24.1","9","211","23.4","1","5","5","0","0","0","28","651","23.3","55","11.8"
"경기도교육청","경기도동두천양주교육지원청","경기도 양주시","S090006765","옥정고등학교","04","공립","N","","10","318","31.8","10","310","31","10","288","28.8","1","5","5","0","0","0","31","921","29.7","62","14.9"
"경기도교육청","경기도광주하남교육지원청","경기도 하남시","S090006810","미사고등학교","04","공립","N","","10","325","32.5","10","311","31.1","10","275","27.5","1","7","7","0","0","0","31","918","29.6","61","15"
"경기도교육청","경기도화성오산교육지원청","경기도 화성시","S090006811","한백고등학교","04","공립","N","","10","353","35.3","11","389","35.4","10","324","32.4","1","4","4","0","0","0","32","1070","33.4","63","17"
"경기도교육청","경기도화성오산교육지원청","경기도 화성시","S090006812","동탄중앙고등학교","04","공립","N","","11","389","35.4","10","328","32.8","10","329","32.9","2","10","5","0","0","0","33","1056","32","63","16.8"
"경기도교육청","경기도수원교육지원청","경기도 수원시 영통구","S090006813","이의고등학교","04","공립","N","","12","327","27.3","12","343","28.6","12","299","24.9","1","3","3","0","0","0","37","972","26.3","70","13.9"
"경기도교육청","경기도김포교육지원청","경기도 김포시","S090006814","김포제일고등학교","04","공립","N","","12","412","34.3","12","406","33.8","12","408","34","0","0","0","0","0","0","36","1226","34.1","69","17.8"
"경기도교육청","경기도파주교육지원청","경기도 파주시","S090006903","지산고등학교","04","공립","N","","12","400","33.3","14","450","32.1","12","394","32.8","2","16","8","0","0","0","40","1260","31.5","76","16.6"
"경기도교육청","경기도구리남양주교육지원청","경기도 남양주시","S090006905","별가람고등학교","04","공립","N","","11","283","25.7","11","312","28.4","10","270","27","3","14","4.7","0","0","0","35","879","25.1","68","12.9"
"경기도교육청","경기도구리남양주교육지원청","경기도 구리시","S090006906","갈매고등학교","04","공립","N","","9","194","21.6","10","265","26.5","9","205","22.8","1","5","5","0","0","0","29","669","23.1","59","11.3"
"경기도교육청","경기도파주교육지원청","경기도 파주시","S090006908","한빛고등학교","04","공립","N","","12","404","33.7","14","436","31.1","12","376","31.3","2","15","7.5","0","0","0","40","1231","30.8","76","16.2"
"경기도교육청","경기도광주하남교육지원청","경기도 하남시","S090006919","미사강변고등학교","04","공립","N","","10","327","32.7","10","300","30","9","229","25.4","1","5","5","0","0","0","30","861","28.7","60","14.4"
"경기도교육청","경기도광주하남교육지원청","경기도 광주시","S090006920","태전고등학교","04","공립","N","","10","336","33.6","10","331","33.1","10","309","30.9","1","4","4","0","0","0","31","980","31.6","60","16.3"
"경기도교육청","경기도용인교육지원청","경기도 용인시 처인구","S090006921","용인삼계고등학교","04","공립","N","","9","257","28.6","9","269","29.9","8","218","27.3","1","3","3","0","0","0","27","747","27.7","52","14.4"
"경기도교육청","경기도용인교육지원청","경기도 용인시 처인구","S090006924","고림고등학교","04","공립","N","","12","350","29.2","12","382","31.8","12","339","28.3","1","9","9","1","3","3","38","1083","28.5","74","14.6"
"경기도교육청","경기도시흥교육지원청","경기도 시흥시","S090006925","배곧고등학교","04","공립","N","","10","345","34.5","10","337","33.7","10","325","32.5","1","9","9","0","0","0","31","1016","32.8","60","16.9"
"경기도교육청","경기도광주하남교육지원청","경기도 하남시","S090007014","위례고등학교","04","공립","N","","10","268","26.8","10","280","28","8","216","27","1","3","3","0","0","0","29","767","26.4","59","13"
"경기도교육청","경기도화성오산교육지원청","경기도 화성시","S090007015","하길고등학교","04","공립","N","","11","357","32.5","10","332","33.2","10","310","31","0","0","0","0","0","0","31","999","32.2","59","16.9"
"경기도교육청","경기도성남교육지원청","경기도 성남시 수정구","S090007016","위례한빛고등학교","04","공립","N","","12","291","24.3","12","306","25.5","12","268","22.3","2","15","7.5","0","0","0","38","880","23.2","75","11.7"
"경기도교육청","경기도화성오산교육지원청","경기도 화성시","S090007130","이산고등학교","04","공립","N","","12","425","35.4","13","416","32","13","396","30.5","1","4","4","0","0","0","39","1241","31.8","75","16.5"
"경기도교육청","경기도화성오산교육지원청","경기도 화성시","S090007131","창의고등학교","04","공립","N","","12","428","35.7","13","451","34.7","12","388","32.3","0","0","0","0","0","0","37","1267","34.2","73","17.4"
"경기도교육청","경기도화성오산교육지원청","경기도 화성시","S090007243","정현고등학교","04","공립","N","","12","422","35.2","13","423","32.5","12","394","32.8","1","9","9","0","0","0","38","1248","32.8","74","16.9"
"경기도교육청","경기도화성오산교육지원청","경기도 화성시","S090007278","와우고등학교","04","공립","N","","12","435","36.3","14","483","34.5","0","0","0","2","9","4.5","0","0","0","28","927","33.1","54","17.2"
"경기도교육청","경기도김포교육지원청","경기도 김포시","S090007314","고촌고등학교","04","공립","N","","10","338","33.8","11","341","31","10","317","31.7","1","5","5","0","0","0","32","1001","31.3","62","16.1"
"경기도교육청","경기도화성오산교육지원청","경기도 화성시","S090007315","새솔고등학교","04","공립","N","","8","226","28.3","8","228","28.5","8","186","23.3","1","2","2","1","2","2","26","644","24.8","49","13.1"
"경기도교육청","경기도화성오산교육지원청","경기도 화성시","S090007316","서연고등학교","04","공립","N","","12","424","35.3","13","417","32.1","12","370","30.8","0","0","0","0","0","0","37","1211","32.7","72","16.8"
"경기도교육청","경기도구리남양주교육지원청","경기도 남양주시","S090007317","남양주다산고등학교","04","공립","N","","11","329","29.9","11","326","29.6","12","325","27.1","2","13","6.5","0","0","0","36","993","27.6","70","14.2"
"경기도교육청","경기도시흥교육지원청","경기도 시흥시","S090007318","목감고등학교","04","공립","N","","10","254","25.4","10","256","25.6","9","188","20.9","1","6","6","0","0","0","30","704","23.5","58","12.1"
"경기도교육청","경기도광주하남교육지원청","경기도 하남시","S090007408","감일고등학교","04","공립","N","","10","275","27.5","10","276","27.6","8","183","22.9","1","4","4","0","0","0","29","738","25.4","57","12.9"
"경기도교육청","경기도동두천양주교육지원청","경기도 양주시","S090007409","옥빛고등학교","04","공립","N","","12","385","32.1","11","332","30.2","10","290","29","1","8","8","0","0","0","34","1015","29.9","65","15.6"
"경기도교육청","경기도용인교육지원청","경기도 용인시 처인구","S090007439","처인고등학교","04","공립","N","","9","258","28.7","8","210","26.3","8","182","22.8","1","2","2","0","0","0","26","652","25.1","51","12.8"
"경기도교육청","경기도고양교육지원청","경기도 고양시 덕양구","S090007444","신원고등학교","04","공립","N","","10","246","24.6","10","255","25.5","9","219","24.3","1","5","5","0","0","0","30","725","24.2","59","12.3"
"경기도교육청","경기도고양교육지원청","경기도 고양시 덕양구","S090007445","향동고등학교","04","공립","N","","9","181","20.1","9","175","19.4","6","104","17.3","1","4","4","0","0","0","25","464","18.6","49","9.5"
"경기도교육청","경기도화성오산교육지원청","경기도 화성시","S090007568","이솔고등학교","04","공립","N","","12","410","34.2","14","455","32.5","14","430","30.7","0","0","0","0","0","0","40","1295","32.4","79","16.4"
"경기도교육청","경기도파주교육지원청","경기도 파주시","S090007625","심학고등학교","04","공립","N","","12","388","32.3","0","0","0","0","0","0","0","0","0","0","0","0","12","388","32.3","23","16.9"
"경기도교육청","경기도화성오산교육지원청","경기도 화성시","S090007863","치동고등학교","04","공립","N","","16","535","33.4","0","0","0","0","0","0","0","0","0","0","0","0","16","535","33.4","31","17.3"
"경기도교육청","경기도김포교육지원청","경기도 김포시","S090007869","운유고등학교","04","공립","N","","14","481","34.4","0","0","0","0","0","0","1","3","3","0","0","0","15","484","32.3","28","17.3"